Territory,County,Address,Nr. Chargers,Max. Sim. CCS,Max. Sim. CHAdeMo,Max. Sim. Fast AC,Max. Sim. AC Socket,CCS kWs,CHAdeMO kWs,AC Fast kWs,AC Socket kWs,Latitude,Longitude,Open Hours,Road / Route / Exit,Latest Change
RoI,Carlow,"The Parade, Bagenalstown",1,0,0,0,2,,,,22(2),52.702794,-6.955983,24 x 7,,
RoI,Carlow,"Tesco Carlow, Fairgreen Shopping Centre, Carlow, Carlow",1,0,0,0,2,,,,22(2),52.8346717,-6.9221169,24 x 7,,
RoI,Carlow,"Four Lakes Retail Park, Dublin Road, Carlow Town",1,1,1,1,0,50,50,43,,52.846593,-6.902268,24 x 7,,
RoI,Carlow,"Irish Rail, Railway Road, Carlow Town",1,0,0,0,2,,,,22(2),52.841045,-6.923077,24 x 7,,
RoI,Carlow,"Town Hall Car Park, Off Barrow Track, Carlow Town",1,0,0,0,2,,,,22(2),52.837679,-6.933489,24 x 7,,
RoI,Carlow,"Public Car Park, Kennedy Street, Carlow Town",1,0,0,0,2,,,,22(2),52.836223,-6.933315,24 x 7,,
RoI,Carlow,"Hanover Bus Car Park, Barrack Street, Carlow Town",2,4,0,0,0,100(4),,,,52.833492,-6.927016,24 x 7,,
RoI,Carlow,"Inner Relief Road, Tullow",1,0,0,0,2,,,,22(2),52.801581,-6.736986,24 x 7,,
RoI,Carlow,"Tesco Tullow, Abbey St, Templeowen, Tullow",1,0,0,0,2,,,,22(2),52.8006068,-6.7384426,24 x 7,,
RoI,Cavan,"Main Street, Bailieborough",1,0,0,0,2,,,,22(2),53.917571,-6.972487,24 x 7,,
RoI,Cavan,"Tesco Superstore, Thomas St, Beckscourt, Bailieborough, Co. Cavan, Bailieborough",1,0,0,0,2,,,,22(2),53.9174916,-6.9682985,24 x 7,,
RoI,Cavan,"The Grove, Ballyjamesduff",1,0,0,0,2,,,,22(2),53.86385,-7.204457,24 x 7,,
RoI,Cavan,"Off Farnham Street, Cavan Circuit Court Carpark, Cavan Town",1,1,1,0,1,50,50,,22,53.9935795,-7.3613269,24 x 7,,
RoI,Cavan,"Dublin Road, Cavan Town",1,0,0,0,2,,,,22(2),53.985547,-7.359682,24 x 7,,
RoI,Cavan,"Market Street, Cootehill",1,0,0,0,2,,,,22(2),54.075084,-7.079692,24 x 7,,
RoI,Cavan,"Cavan Townhall, Townhall Street",1,2,0,0,0,100(2),,,,53.9912747,-7.3623298,24 x 7,,
RoI,Clare,"Public Car Park, Off Abbey Street & Bank Place, Ennis",1,0,0,0,2,,,,22(2),52.845081,-8.98337,24 x 7,,
RoI,Clare,"Circle K Ennis, Limerick Road, Ennis",1,1,1,1,0,50,50,43,,52.83078,-8.979003,24 x 7,,
RoI,Clare,"Public Car Park, East End, Kilkee",1,1,1,0,0,100,50,,,52.683379,-9.647069,24 x 7,,
RoI,Clare,"Tesco Kilrush,Ennis Rd, Kilrush Co. Clare, Kilrush",1,0,0,0,2,,,,22(2),52.6422857,-9.4773106,24 x 7,,
RoI,Clare,"Frances Street, Kilrush",1,2,0,0,0,100(2),,,,52.636192,-9.490203,24 x 7,,
RoI,Clare,"Public Car Park, N67/Milltown Malbay Road, Lahinch",1,1,1,0,1,50,50,,22,52.928911,-9.346292,24 x 7,N67 N67,
RoI,Clare,"Hydro Hotel, Main Street, Lisdoonvarna",1,0,0,0,2,,,,22(2),53.027069,-9.290289,24 x 7,,
RoI,Clare,"Supervalu Car Park, Ennis Road, Miltown Malbay",1,0,0,0,2,,,,22(2),52.854144,-9.398487,24 x 7,,
RoI,Clare,"Ennis Road, Newmarket-on-Fergus",1,0,0,0,2,,,,22(2),52.761544,-8.897258,24 x 7,,
RoI,Clare,"Circle K Service Station, Airport Road, Tullyvaragh, Shannon",1,1,1,1,0,50,50,43,,52.712696,-8.8757681,24 x 7,,
RoI,Clare,"Shannon Town Centre,Bealach Bri, Shannon, V14 VH27",1,0,0,0,2,,,,22(2),52.7081663,-8.8771276,24 x 7,,
RoI,Clare,"The Green, Sixmilebridge",1,0,0,0,2,,,,22(2),52.741566,-8.775394,24 x 7,,
RoI,Cork,"Ballymodan Car Park, Bandon",1,0,0,0,2,,,,22(2),51.744085,-8.739443,24 x 7,,
RoI,Cork,"Hernons Great Gas, Bypass Road, Bandon",1,1,1,1,0,50,50,43,,51.741434,-8.728538,Mon:07:00-22:00 Tue:07:00-22:00 Wed:07:00-22:00 Thu:07:00-22:00 Fri:07:00-22:00 Sat:07:00-22:00 Sun:07:30-21:00,,
RoI,Cork,"Harbour View Car Park, Wolfe Tone Square, Bantry",1,0,0,0,2,,,,22(2),51.681417,-9.456825,24 x 7,,
RoI,Cork,"Castle Close Road, Blarney",1,0,0,0,2,,,,22(2),51.931807,-8.566211,24 x 7,,
RoI,Cork,"Owenabue Car Park, Off Main Street & Eastern Relief Road, Carrigaline",1,0,0,0,2,,,,22(2),51.814197,-8.389447,24 x 7,,
RoI,Cork,"The Square, Castletownbere",1,0,0,0,2,,,,22(2),51.650662,-9.910673,24 x 7,,
RoI,Cork,"The Turrets, Off Main Street, Charleville",1,0,0,0,2,,,,22(2),52.358365,-8.686061,24 x 7,,
RoI,Cork,"Irish Rail Station, Railway Road, Charleville",1,0,0,0,2,,,,22(2),52.346839,-8.65417,24 x 7,,
RoI,Cork,"Deasy's Public Car Park, Park Road (N71), Clonakilty",1,1,1,0,1,50,50,,22,51.620831,-8.88957,24 x 7,N71 N71,
RoI,Cork,"Off Park Lane, Cobh",1,0,0,0,2,,,,22(2),51.852858,-8.295589,24 x 7,,
RoI,Cork,"Musgrave Group HQ, Ballycurreen, Kinsale Road / Airport Road, Cork",1,0,0,0,2,,,,22(2),51.867458,-8.474982,Mon:08:00-18:00 Tue:08:00-18:00 Wed:08:00-18:00 Thu:08:00-18:00 Fri:08:00-18:00 Sat:08:00-18:00 Sun:08:00-18:00,,
RoI,Cork,"Deasy's Circle K Service Station, Commons Road, Cork City",1,1,1,1,0,50,50,43,,51.919755,-8.482733,24 x 7,,
RoI,Cork,"95 Glanmire Road, Cork City",1,0,0,0,2,,,,22(2),51.902541,-8.456486,24 x 7,,
RoI,Cork,"Irish Rail Kent Station, Lower Glanmire Road, Cork City",1,0,0,0,2,,,,22(2),51.9021,-8.45634,24 x 7,,
RoI,Cork,"51 South Mall, Cork City",1,0,0,0,2,,,,22(2),51.896298,-8.473326,24 x 7,,
RoI,Cork,"Copley Street (@Cotter St), Cork City",1,0,0,0,2,,,,22(2),51.89519,-8.466071,24 x 7,,
RoI,Cork,"Copley Street (Opp. Keohanes), Cork City",1,0,0,0,2,,,,22(2),51.895178,-8.467683,24 x 7,,
RoI,Cork,"Cork County Hall, Carrigrohane Road, Sunday's Well, Cork City",1,0,0,0,2,,,,22(2),51.893018,-8.507823,24 x 7,,
RoI,Cork,"Black Ash Park and Ride, Off South City Link Road, Cork City",1,0,0,0,2,,,,22(2),51.87859,-8.466504,24 x 7,,
RoI,Cork,"Circle K/Centra, Rochestown Road, Rochestown, Cork City",2,2,2,0,1,"150, 50","70, 50",,22,51.877,-8.3954,24 x 7,,
RoI,Cork,"Carrigaline Road, Crosshaven",1,0,0,0,2,,,,22(2),51.803537,-8.30804,24 x 7,,
RoI,Cork,"Tanyard Lane Car Park (Off Main Street, Beside Supervalu; access also via Sackville Mews), Dunmanway, A01",1,0,0,0,2,,,,22(2),51.721615,-9.111517,24 x 7,,
RoI,Cork,"Amber Service Station, Dublin Rd, Ballynamona, Fermoy",2,3,3,0,1,"150(2), 50","70(2), 50",,22,52.150444,-8.27808,24 x 7,,
RoI,Cork,"Supervalu, Courthouse Road, Fermoy",1,1,1,1,0,50,50,43,,52.13766,-8.266641,24 x 7,,
RoI,Cork,"Circle K Service Station Frankfield, Frankfield Road, Frankfield",1,2,2,0,0,150(2),70(2),,,51.8721831,-8.4707539,24 x 7,,
RoI,Cork,"Kenmare Road, Glengariff",1,0,0,0,2,,,,22(2),51.750022,-9.553212,24 x 7,,
RoI,Cork,"Inver Macroom, Gurteenroe, Macroom",2,4,1,0,0,200(4),70,,,51.9075263,-8.9785081,24 x 7,,
RoI,Cork,"Fire Brigade Car Park, New Road, Kinsale",1,1,1,0,1,50,50,,22,51.7086601,-8.5204001,24 x 7,,
RoI,Cork,"Macroom Council Car Park, Fair Green, Macroom",1,1,1,1,0,50,50,43,,51.9051028,-8.9554559,24 x 7,,
RoI,Cork,"Irish Rail Mallow Station, Limerick Road, Mallow",1,0,0,0,2,,,,22(2),52.139237,-8.654588,24 x 7,,
RoI,Cork,"Tesco Mallow, Annabella Park, Mallow, Co. Cork, Mallow",1,0,0,0,2,,,,22(2),52.1364714,-8.6463799,24 x 7,,
RoI,Cork,"Public Car Park, The Green, Midleton",1,0,0,0,2,,,,22(2),51.916846,-8.1748468,24 x 7,,
RoI,Cork,"Tesco Mitchelstown, Brigown Rd, Brigown, Mitchelstown, Co. Cork, Mitchelstown",1,0,0,0,2,,,,22(2),52.2630127,-8.2680256,24 x 7,,
RoI,Cork,"Public Car Park, Strand Road (R610), Monkstown",1,0,0,0,2,,,,22(2),51.849032,-8.331938,24 x 7,R610,
RoI,Cork,"Inver Charleville, Rathgoggan South, Charleville",2,3,1,0,0,"150(2), 100",50,,,52.347436,-8.675066,24 x 7,,
RoI,Cork,"Norton House Car Park, Cork Road, Skibbereen, A01",1,1,1,0,1,50,50,,22,51.553716,-9.262225,24 x 7,,
RoI,Cork,"Ryan's Supervalu, The Lough Shopping Centre,Togher",2,3,1,0,0,100(3),50,,,51.884132,-8.488293,24 x 7,,
RoI,Cork,"Tesco Youghal, Mill Rd, Greencloyne, Youghal, Cork, Youghal",1,0,0,0,2,,,,22(2),51.9592026,-7.8540457,24 x 7,,
RoI,Cork,"Dolphin's Place, Youghal",1,1,1,0,1,50,50,,22,51.956697,-7.850032,24 x 7,,
RoI,Donegal,"Navenny Street, Ballybofey",1,0,0,0,2,,,,22(2),54.797965,-7.783045,24 x 7,,
RoI,Donegal,"Market Yard Car Park, Main Street, Ballyshannon",1,0,0,0,2,,,,22(2),54.501145,-8.188621,24 x 7,,
RoI,Donegal,"Public Car Park, Nailors Row, Buncrana",1,0,0,0,2,,,,22(2),55.137602,-7.456888,24 x 7,,
RoI,Donegal,"Ferris Lane, Buncrana",1,0,0,0,2,,,,22(2),55.135935,-7.452539,24 x 7,,
RoI,Donegal,"Public Car Park, Off R123 Relief Road, Carndonagh",1,0,0,0,2,,,,22(2),55.251378,-7.262612,24 x 7,R123,
RoI,Donegal,"Public Car Park, Quay Street, Donegal Town",1,0,0,0,2,,,,22(2),54.65153,-8.112858,24 x 7,,
RoI,Donegal,"Donegal Service Station (Supermac's), Ballybofey Road, Drumlonagher, F94N24R",2,4,4,0,0,200(4),70(4),,,54.6589743,-8.0890661,24 x 7,,
RoI,Donegal,"Off Lower Main Street, Dungloe",1,1,1,0,1,50,50,,22,54.950297,-8.362137,24 x 7,,
RoI,Donegal,"Public Car Park, Strand Road, Falcarragh",1,0,0,0,2,,,,22(2),55.13683,-8.10418,24 x 7,,
RoI,Donegal,"Mill Road, Glenties",1,0,0,0,2,,,,22(2),54.798248,-8.284545,24 x 7,,
RoI,Donegal,"Shore Road, Killybegs",1,1,1,0,1,50,50,,22,54.636031,-8.443325,24 x 7,,
RoI,Donegal,"Kee's Circle K Service Station, N15/R232 Junction, Laghey",2,2,2,0,2,50(2),50(2),,22(2),54.614937,-8.089765,24 x 7,N15-R232 N15,
RoI,Donegal,"Hospital Car Park, Kilmacrennan Road, Letterkenny",1,0,0,0,2,,,,22(2),54.961006,-7.731468,24 x 7,,
RoI,Donegal,"An Grianán Theatre Car Park, Port Road, , Letterkenny",1,0,0,0,2,,,,22(2),54.9531,-7.733,24 x 7,,
RoI,Donegal,"Tobin's Circle K Service Station, Port Road, Letterkenny",1,2,0,0,0,100(2),,,,54.9521,-7.72542,Mon:07:30-21:00 Tue:07:30-21:00 Wed:07:30-21:00 Thu:07:30-21:00 Fri:07:30-21:00 Sat:08:00-21:00 Sun:08:00-21:00,,
RoI,Donegal,"Justice Walsh Car Park, Off Bank Lane, Letterkenny",1,1,1,0,1,50,50,,22,54.951508,-7.734554,24 x 7,,
RoI,Donegal,"Daly's Circle K Service Station, Letterkenny Road, Lifford",3,1,1,0,3,50,50,,22(3),54.833245,-7.48663,24 x 7,,
RoI,Donegal,"Main Street, Stranorlar",1,0,0,0,2,,,,22(2),54.804946,-7.768815,24 x 7,,
RoI,Dublin,"Irish Rail, Railway Street, Balbriggan",1,0,0,0,2,,,,7(2),53.611523,-6.182852,24 x 7,,
RoI,Dublin,"Irish Rail Booterstown DART Station, Rock Road, Blackrock",1,0,0,0,2,,,,22(2),53.310296,-6.195844,24 x 7,,
RoI,Dublin,"Irish Rail Blackrock DART Station, Bath Place, Blackrock",1,0,0,0,2,,,,22(2),53.302596,-6.178974,24 x 7,,
RoI,Dublin,"Tesco Cabra, Navan Road, Northside, Cabra",1,0,0,0,2,,,,22(2),53.3606289,-6.2993327,24 x 7,,
RoI,Dublin,"Carrickmines Park,Glenamuck road, Carrickmines",1,0,0,0,2,,,,22(2),53.251009,-6.185082,24 x 7,,
RoI,Dublin,"Irish Rail Dalkey DART Station, Ardeveehan Road, Dalkey",1,0,0,0,2,,,,22(2),53.275704,-6.103034,24 x 7,,
RoI,Dublin,"Maxol Filling Station, M1 Junction 4 (R132), Turvey, Donabate",1,1,1,1,0,50,50,43,,53.492693,-6.197212,24 x 7,M1 M1 Junction 4,
RoI,Dublin,"Tesco Rush, Whitestown Rd., Rush, Co. Dublin, Dublin",1,0,0,0,2,,,,22(2),53.5231007,-6.1023727,24 x 7,,
RoI,Dublin,"Tesco Kinnegad, Kinnegad, Co. Westmeath, Dublin",1,0,0,0,2,,,,22(2),53.4532168,-7.1041723,24 x 7,,
RoI,Dublin,"Tesco Clarehall, Malahide Rd, Northern Cross, Dublin, Dublin",1,0,0,0,2,,,,22(2),53.4015594,-6.1799046,24 x 7,,
RoI,Dublin,"Tesco Artane, Artane Castle, Kilmore Rd, Artane, Co. Dublin, Dublin",1,0,0,0,2,,,,22(2),53.3832068,-6.2163037,24 x 7,,
RoI,Dublin,"Tesco Finglas Clearwater, Clearwater Shopping Centre, Finglas, Dublin, Dublin",1,0,0,0,2,,,,22(2),53.3830919,-6.2962494,24 x 7,,
RoI,Dublin,"Tesco Blanchardstown, Roselawn Shopping Centre, Roselawn Rd, Blanchardstown, Co. Dublin, Dublin",1,0,0,0,2,,,,22(2),53.382607,-6.3810649,24 x 7,,
RoI,Dublin,"Tesco Lucan, Tesshopping Centre, Hillcrest Dr, Lucan, Co. Dublin, Dublin",1,0,0,0,2,,,,22(2),53.3528616,-6.459997,24 x 7,,
RoI,Dublin,"Tesco Liffey Valley, Fonthill Rd, Liffey Valley, Clondalkin, Co. Dublin, Dublin",2,0,0,0,4,,,,22(4),53.3502421,-6.3889025,Mon:08:00-22:00 Tue:08:00-22:00 Wed:08:00-22:00 Thu:08:00-22:00 Fri:08:00-22:00 Sat:08:00-22:00 Sun:08:00-22:00,,
RoI,Dublin,"Irish Rail Heuston Train Station, Dublin, Dublin 8",1,0,0,0,2,,,,22(2),53.3470669,-6.2991244,24 x 7,,
RoI,Dublin,"Irish Rail Heuston Train Station, St. Johns Road West, Dublin",1,0,0,0,2,,,,22(2),53.3460323,-6.2928316,24 x 7,,
RoI,Dublin,"Tesco Clondalkin, Boot Rd, Clondalkin, Co. Dublin, Dublin",1,0,0,0,2,,,,22(2),53.3200996,-6.3942292,24 x 7,,
RoI,Dublin,"Circle K Service Station, Promenade Road, Dublin  1",2,2,2,0,2,50(2),50(2),,22(2),53.353856,-6.212747,24 x 7,,
RoI,Dublin,"Parnell Square West, Outside Rotunda Hospital, Dublin  1",1,0,0,0,2,,,,22(2),53.353218,-6.264812,24 x 7,,
RoI,Dublin,"Greek Street, Dublin  1",1,0,0,0,2,,,,22(2),53.347479,-6.273155,24 x 7,,
RoI,Dublin,"Sir John Rogerson's Quay, Dublin  2",2,2,2,0,2,50(2),50(2),,22(2),53.3459526,-6.2383946,24 x 7,,
RoI,Dublin,"Mark Street, Dublin  2",1,0,0,0,2,,,,22(2),53.3453,-6.2513,24 x 7,,
RoI,Dublin,"Lower Pembroke Street, Dublin  2",1,0,0,0,2,,,,22(2),53.336699,-6.252228,24 x 7,,
RoI,Dublin,"Mount Street Crescent, Dublin  2",1,0,0,0,2,,,,22(2),53.336496,-6.242715,24 x 7,,
RoI,Dublin,"Earlsfort Terrace, Dublin  2",1,0,0,0,2,,,,22(2),53.335409,-6.257851,24 x 7,,
RoI,Dublin,"Herbert Street, Dublin  2",1,0,0,0,2,,,,22(2),53.335203,-6.246205,Sun:00:00-23:59,,
RoI,Dublin,"Court Apartments, Wilton Place, Dublin  2",1,0,0,0,2,,,,22(2),53.3344,-6.24871,24 x 7,,
RoI,Dublin,"Synge Street, Dublin  2",1,0,0,0,2,,,,22(2),53.333894,-6.267083,24 x 7,,
RoI,Dublin,"29 Adelaide Road, Dublin  2",1,0,0,0,2,,,,22(2),53.332326,-6.255804,24 x 7,,
RoI,Dublin,"SuperValu Killester, Dublin  3",2,3,1,0,0,100(3),50,,,53.3705209,-6.2094554,24 x 7,,
RoI,Dublin,"Irish Rail Clontarf DART Station, Clontarf Road, , Dublin  3",1,0,0,0,2,,,,22(2),53.362913,-6.227746,24 x 7,,
RoI,Dublin,"Kincora Road, Dublin  3",1,0,0,0,2,,,,22(2),53.360832,-6.183082,24 x 7,,
RoI,Dublin,"Thorncastle Street, Dublin  4",1,0,0,0,2,,,,22(2),53.342945,-6.228056,24 x 7,,
RoI,Dublin,"South Lotts Road, Dublin  4",1,0,0,0,2,,,,22(2),53.338798,-6.232894,24 x 7,,
RoI,Dublin,"Belmont Avenue, Dublin  4",1,0,0,0,2,,,,22(2),53.322343,-6.238683,24 x 7,,
RoI,Dublin,"SuperValu Raheny, Raheny Shopping Centre, Clontarf East, Dublin  5, D05 EY66",2,3,3,0,1,"150(2), 50","70(2), 50",,22,53.3805194,-6.1808952,24 x 7,,
RoI,Dublin,"Chelmsford Road, Dublin  6",1,0,0,0,2,,,,22(2),53.325515,-6.252422,24 x 7,,
RoI,Dublin,"Tesco Metro, Rathmines Rd Upper, Dublin  6",1,0,0,0,2,,,,22(2),53.3210126,-6.2659235,24 x 7,,
RoI,Dublin,"Nelson Street, Dublin  7",1,0,0,0,2,,,,22(2),53.3582,-6.2672,24 x 7,,
RoI,Dublin,"St. Joseph's Road, Dublin  7",1,0,0,0,2,,,,22(2),53.354892,-6.287405,24 x 7,,
RoI,Dublin,"Liffey Street West, Dublin  7",1,0,0,0,2,,,,22(2),53.347636,-6.285234,24 x 7,,
RoI,Dublin,"Golden Lane, Dublin  8",1,0,0,0,2,,,,22(2),53.3406684,-6.2684288,24 x 7,,
RoI,Dublin,"Hollybank Road, Dublin  9",1,0,0,0,2,,,,22(2),53.366828,-6.256153,24 x 7,,
RoI,Dublin,"Finglas Road, Dublin 11",1,0,0,0,2,,,,22(2),53.369052,-6.276341,24 x 7,,
RoI,Dublin,"The Plaza, Park West Road, Dublin 12",1,0,0,0,2,,,,22(2),53.331883,-6.372194,24 x 7,,
RoI,Dublin,"Crumlin Road, Dublin 12",1,0,0,0,2,,,,22(2),53.329905,-6.299208,24 x 7,,
RoI,Dublin,"St. Agnes Road, Dublin 12",1,0,0,0,2,,,,22(2),53.31948,-6.315448,24 x 7,,
RoI,Dublin,"Supervalu Kimmage, Sundrive Shopping Centre, Sundrive Road, Dublin 12",2,3,3,0,1,"150(2), 50","70(2), 50",,22,53.3192906,-6.2929249,24 x 7,,
RoI,Dublin,"Greenhills Road, Dublin 12",1,0,0,0,2,,,,22(2),53.316717,-6.333704,24 x 7,,
RoI,Dublin,"Sutton DART Station, Station Road, Dublin 13",1,0,0,0,2,,,,22(2),53.391623,-6.116236,24 x 7,,
RoI,Dublin,"SuperValu Sutton, Sutton Cross, Dublin 13",2,3,1,0,0,"150(2), 100",50,,,53.39066,-6.110035,24 x 7,,
RoI,Dublin,"Main Street, Dublin 14",1,0,0,0,2,,,,22(2),53.2906888,-6.2452316,24 x 7,,
RoI,Dublin,"Dundrum Shopping Centre, Wyckham Way, Dublin 14",2,0,0,0,4,,,,22(4),53.286679,-6.240973,24 x 7,,
RoI,Dublin,"Blanchardstown HPC Hub, Retail Park 1, Blanchardstown Centre,, Dublin 15",4,8,8,0,0,200(8),70(8),,,53.3953412,-6.3895335,24 x 7,,
RoI,Dublin,"Blanchardstown Centre, Navan Road, Dublin 15",2,2,2,0,1,"150, 50","70, 50",,22,53.392154,-6.39283,24 x 7,,
RoI,Dublin,"Mill Road, Dublin 15",1,0,0,0,2,,,,22(2),53.386875,-6.374254,24 x 7,,
RoI,Dublin,"Irish Rail Coolmine Train Station, Carpenterstown Road, Dublin 15",1,0,0,0,2,,,,22(2),53.377326,-6.391846,24 x 7,,
RoI,Dublin,"Park Avenue, Castleknock, Dublin 15",1,0,0,0,2,,,,22(2),53.375177,-6.364012,24 x 7,,
RoI,Dublin,"SuperValu Knocklyon,Knocklyon Road, Dublin 16, D16 W2V0",2,3,3,0,1,"200(2), 50","70(2), 50",,22,53.2828883,-6.3190804,24 x 7,,
RoI,Dublin,"Supervalu Ballinteer, Ballinteer Ave, Dublin 16",2,3,1,0,0,"150(2), 100",50,,,53.2749238,-6.254368,24 x 7,,
RoI,Dublin,"Tesco White Pines, Stocking Avenue, Dublin, D16 V3K2, Dublin 16, D16 V3K2",1,0,0,0,2,,,,22(2),53.2730493,-6.3150204,24 x 7,,
RoI,Dublin,"Circle K Service Station, Clonshaugh Road, Dublin 17",1,1,1,1,0,50,50,43,,53.412778,-6.216111,24 x 7,,
RoI,Dublin,"Northside Shopping Centre, Oscar Traynor Road, Dublin 17, D17 TP66",2,3,1,0,1,"150(2), 50",50,,22,53.395465,-6.214452,24 x 7,,
RoI,Dublin,"Stillorgan Luas Park & Ride, Blackthorn Drive, Stillorgan Office Park, Dublin 18",3,1,1,1,4,50,50,43,22(4),53.280332,-6.213815,24 x 7,,
RoI,Dublin,"Sandyford Luas Park and Ride, Blackthorn Avenue, Dublin 18",1,0,0,0,2,,,,22(2),53.277164,-6.203613,24 x 7,,
RoI,Dublin,"Bray Road, Dublin 18",1,0,0,0,2,,,,22(2),53.260088,-6.149376,24 x 7,,
RoI,Dublin,"Carrickmines Luas Park and Ride, Off Glenamuck Road North Roundabout, Dublin 18",2,0,0,0,4,,,,22(4),53.252775,-6.169813,24 x 7,,
RoI,Dublin,"Shankhill Dart Station, Shanganagh Wood, Dublin 18",1,0,0,0,2,,,,22(2),53.236875,-6.11792,24 x 7,,
RoI,Dublin,"The Square Shopping Centre, Belgard Road (R113), Dublin 24",2,1,1,0,3,50,50,,22(3),53.285621,-6.369887,24 x 7,R113,
RoI,Dublin,"Main Street, Dublin 24",1,0,0,0,2,,,,22(2),53.281093,-6.469944,24 x 7,,
RoI,Dublin,"Circle K Service Station, Corballis Road North, Dublin Airport",1,1,1,1,0,50,50,43,,53.428658,-6.234603,24 x 7,,
RoI,Dublin,"Marine Road, Dun Laoghaire",1,0,0,0,2,,,,22(2),53.2938,-6.1348,24 x 7,,
RoI,Dublin,"Park Pointe Shopping Centre, Glenageary Road Upper, Dun Laoghaire",2,3,1,0,0,100(3),50,,,53.282568,-6.143881,24 x 7,,
RoI,Dublin,"Carrickmines Park HPC Hub, Glenamuck Road",4,8,8,0,0,200(8),70(8),,,53.251864,-6.186801,24 x 7,,
RoI,Dublin,"Lucan Shopping Centre (SuperValu), Newcastle Road (R120 At  N4 Jnct 4), Lucan",1,1,1,0,0,100,50,,,53.349266,-6.452681,24 x 7,,
RoI,Dublin,"Irish Rail Rush and Lusk Train Station, Station Road, Lusk",1,0,0,0,2,,,,7(2),53.520646,-6.144629,24 x 7,,
RoI,Dublin,"Malahide DART Station, Railway Avenue, Malahide",1,0,0,0,2,,,,22(2),53.451478,-6.156156,24 x 7,,
RoI,Dublin,"James's Terrace, Malahide, Malahide",1,0,0,0,2,,,,22(2),53.451232,-6.15157,24 x 7,,
RoI,Dublin,"Supervalu Newcastle, Graydon Road, Newcastle",2,4,0,0,0,100(4),,,,53.298772,-6.496403,24 x 7,,
RoI,Dublin,"Citywest Shopping Centre Car Park, Citywest Drive, Saggart",1,0,0,0,2,,,,22(2),53.283222,-6.421705,24 x 7,,
RoI,Dublin,"Public Parking, South Strand Road, Skerries",1,0,0,0,2,,,,22(2),53.578784,-6.104879,24 x 7,,
RoI,Dublin,"Talbot Hotel Stillorgan, Stillorgan Road, Stillorgan",1,2,0,0,0,100(2),,,,53.295343,-6.203373,24 x 7,,
RoI,Dublin,"Old Dublin Road, Stillorgan",1,0,0,0,2,,,,22(2),53.290457,-6.199702,24 x 7,,
RoI,Dublin,"Main Street, Swords",1,0,0,0,2,,,,22(2),53.45423,-6.223713,24 x 7,,
RoI,Dublin,"Swords Pavilions Shopping Centre, Malahide Rd, Swords Demesne, Swords",5,0,0,0,10,,,,22(10),53.4539168,-6.2213287,24 x 7,,
RoI,Dublin,"Tesco, Tesco, Airside (R125), Swords",1,0,0,0,2,,,,22(2),53.445169,-6.21589,24 x 7,R125,
RoI,Galway,"Irish Rail, Church Street, Athenry",1,0,0,0,2,,,,22(2),53.29953,-8.75104,24 x 7,,
RoI,Galway,"Loughrea Service Station (TOP), Athenry Road Loughrea, H62 NX74",2,4,0,0,0,100(4),,,,53.2017722,-8.5847945,24 x 7,,
RoI,Galway,"Irish Rail, Station Road, Ballinasloe",1,0,0,0,2,,,,7(2),53.336624,-8.239191,24 x 7,,
RoI,Galway,"Off Society Street, Ballinasloe",1,0,0,0,2,,,,22(2),53.330623,-8.225283,24 x 7,,
RoI,Galway,"Saint Michael's Square, Ballinasloe",1,1,1,0,1,50,50,,22,53.329333,-8.220936,24 x 7,,
RoI,Galway,"Circle K Service Station (Dolan's), Athlone Road (R446), Ballinasloe",1,1,1,1,0,50,50,43,,53.328467,-8.184483,24 x 7,,
RoI,Galway,"Tesco Ballinasloe, Dunlo Town Centre, Harbour Rd, Ballinasloe, Co. Galway, Ballinasloe",1,0,0,0,2,,,,22(2),53.3233231,-8.2248959,24 x 7,,
RoI,Galway,"Station House Car Park, Clifden",1,2,0,0,0,100(2),,,,53.488862,-10.019564,24 x 7,,
RoI,Galway,"Monaghan & Sons, Tuam Road, , Galway, H91 N528",1,0,0,0,2,,,,7(2),53.292256,-9.019465,24 x 7,,
RoI,Galway,"Circle K Service Station, Newcastle Road, Galway",1,1,1,0,1,50,50,,22,53.282203,-9.065258,24 x 7,,
RoI,Galway,"Menlo Park Hotel, Coolough Road, , Galway City",1,0,0,0,2,,,,22(2),53.2881421,-9.0478378,24 x 7,,
RoI,Galway,"Galway Retail Park, Headford Road, Galway City",1,2,0,0,0,100(2),,,,53.2802,-9.0496,24 x 7,,
RoI,Galway,"Public Car Park, Dyke Road, Galway City",1,0,0,0,2,,,,7(2),53.278213,-9.050699,24 x 7,,
RoI,Galway,"Woodquay, Galway City",1,0,0,0,2,,,,22(2),53.276523,-9.052773,24 x 7,,
RoI,Galway,"Irish Rail, Station Road, Gort",1,0,0,0,2,,,,22(2),53.066582,-8.814919,24 x 7,,
RoI,Galway,"The Galway Plaza, Junction 16, Carrowkeel, Kiltullagh, Co. Galway, Kiltullagh",2,2,2,1,0,"150, 50","70, 50",43,,53.26434,-8.606133,24 x 7,Junction 16,
RoI,Galway,"Public Car Park, Barrack Street, Loughrea",1,1,1,0,1,50,50,,22,53.197768,-8.570838,24 x 7,,
RoI,Galway,"Glynn's Centra/Circle K Service Station, Carnmore Cross (At Galway Airport Entrance on R339 off N18), Oranmore",2,2,2,0,1,"150, 50","70, 50",,22,53.304365,-8.942545,24 x 7,,
RoI,Galway,"Irish Rail Station Car Park, Garraun, Coast Road (R338), Oranmore",1,0,0,0,2,,,,22(2),53.275327,-8.947087,24 x 7,R338,
RoI,Galway,"Off Dunkellin Terrace, Portumna",1,0,0,0,2,,,,22(2),53.092133,-8.221551,24 x 7,,
RoI,Galway,"Public Car Park, Vicar Street, Tuam",1,1,1,0,1,50,50,,22,53.51418,-8.852424,24 x 7,,
RoI,Galway,"N17 Plaza (Spar & Supermacs), Galway road, Tuam",2,4,4,0,0,200(4),70(4),,,53.5081002,-8.8715902,24 x 7,N17 N17,
RoI,Kerry,"Off O'Connell Street, Caherciveen",1,0,0,0,2,,,,22(2),51.946705,-10.227204,24 x 7,,
RoI,Kerry,"Walsh's Supervalu, Valentia Road, Garranebane, Caherciveen, V23T440",2,3,3,0,1,"200(2), 50","70(2), 50",,22,51.940294,-10.237755,24 x 7,,
RoI,Kerry,"Station House Car Park, Off Killarney Road, Castleisland",1,0,0,0,2,,,,22(2),52.230261,-9.465842,24 x 7,,
RoI,Kerry,"Marina Car Park, Off Strand Street, Dingle",1,2,0,0,0,100(2),,,,52.139518,-10.278791,24 x 7,,
RoI,Kerry,"Moran's Texaco (Spar), Mail Road, Dingle",2,3,3,0,1,"150(2), 50","70(2), 50",,22,52.1382967,-10.2697714,24 x 7,,
RoI,Kerry,"Whytes Shop, Killarney Road, Kenmare",1,1,1,0,1,50,50,,22,51.884003,-9.589492,24 x 7,,
RoI,Kerry,"Tesco Killarney Park, Deerpark Cl, Ardshanavooly, Killarney",1,0,0,0,2,,,,22(2),52.0633705,-9.4949299,24 x 7,,
RoI,Kerry,"Daly's SuperValu, Killarney",2,4,4,0,0,200(4),70(4),,,52.0598379,-9.4810151,24 x 7,,
RoI,Kerry,"Glebe Public Car Park, Plunkett Street, Killarney",1,0,0,0,2,,,,22(2),52.059533,-9.507251,24 x 7,,
RoI,Kerry,"Randles Garage (Nissan), Muckross Road, Killarney",1,1,1,1,0,50,50,43,,52.052998,-9.507077,24 x 7,,
RoI,Kerry,"Off Market Road, Killorglin",1,0,0,0,2,,,,22(2),52.107344,-9.786073,24 x 7,,
RoI,Kerry,"Public Car Park, Courthouse Lawn, Off Charles Street, Listowel",1,0,0,0,2,,,,22(2),52.449026,-9.48427,24 x 7,,
RoI,Kerry,"The Square, Listowel",1,0,0,0,2,,,,22(2),52.444613,-9.485837,24 x 7,,
RoI,Kerry,"Sportsfield Road, Sneem",1,0,0,0,2,,,,22(2),51.839336,-9.901316,24 x 7,,
RoI,Kerry,"Garvey's Car Park, Off Matt Talbot Road, Tralee",1,1,1,0,1,50,50,,22,52.271,-9.71,24 x 7,,
RoI,Kerry,"Irish Rail Train Station Car Park, John Joe Sheehy Road, Tralee",1,0,0,0,2,,,,22(2),52.270976,-9.699875,24 x 7,,
RoI,Kerry,"Public Car Park, Mary Street, Tralee",1,0,0,0,2,,,,22(2),52.268,-9.7075,24 x 7,,
RoI,Kerry,"Brandon Car Park, Off Prince's Street, Tralee",1,0,0,0,2,,,,22(2),52.2666,-9.70961,24 x 7,,
RoI,Kerry,"Kelliher's Inver (Mace), Ratass, Tralee, Co. Kerry, Tralee, V92 YWA0",2,3,3,0,1,"150(2), 50","70(2), 50",,22,52.2659037,-9.6829221,24 x 7,,
RoI,Kerry,"Lee Valley Park, Ballyard, Tralee",1,0,0,0,2,,,,22(2),52.260883,-9.714192,Mon:10:00-17:00 Tue:10:00-17:00 Wed:10:00-17:00 Thu:10:00-17:00 Fri:10:00-17:00 Sat:10:00-17:00 Sun:10:00-17:00,,
RoI,Kildare,"Irish Rail, Church Road, Athy",1,0,0,0,2,,,,22(2),52.991951,-6.976647,24 x 7,,
RoI,Kildare,"The Square, Barrack Street, Ballymore Eustace",1,0,0,0,2,,,,22(2),53.133579,-6.614196,24 x 7,,
RoI,Kildare,"Tesco Celbridge, Maynooth Rd, Celbridge",1,0,0,0,2,,,,22(2),53.344094,-6.5447898,24 x 7,,
RoI,Kildare,"Irish Rail, Hazelhatch Road, Celbridge",1,0,0,0,2,,,,22(2),53.323004,-6.523586,24 x 7,,
RoI,Kildare,"Tesco Clane, Dublin Rd, Clane, Clane",1,0,0,0,2,,,,22(2),53.2951282,-6.6825708,24 x 7,,
RoI,Kildare,"Tesco Superstore, Monasterevin Rd, Kildare",1,0,0,0,2,,,,22(2),53.1570129,-6.9172997,24 x 7,,
RoI,Kildare,"Circle K M9 Kilcullen, Kilcullen M9, Kildare, R56",2,2,2,0,1,"150, 50","70, 50",,22,53.08707,-6.755891,24 x 7,M9 M9,
RoI,Kildare,"Irish Rail, Leixlip/Louisabridge Train Station, Accommodation Road (L5056), Leixlip",1,0,0,0,2,,,,22(2),53.369508,-6.507169,24 x 7,,
RoI,Kildare,"Tesco Maynooth, Carton Park, Dublin Road, Maynooth",1,0,0,0,2,,,,22(2),53.381508,-6.580913,24 x 7,,
RoI,Kildare,"Tesco Maynooth, Carton Park, Dublin Rd, Maynooth",1,0,0,0,2,,,,22(2),53.3808648,-6.5811685,24 x 7,,
RoI,Kildare,"Irish Rail Station Cark Park, Canal Harbour, Monasterevin",1,0,0,0,2,,,,22(2),53.145372,-7.06519,24 x 7,,
RoI,Kildare,"Mayfield Services, M7 Junction 14 (R445), Monasterevin, W34 E789",6,12,3,0,0,"360(4), 200(8)",70(3),,,53.1450717,-7.0115098,24 x 7,M7 M7 Junction 14,
RoI,Kildare,"Tesco, Monread Road, Naas",1,1,1,1,0,50,50,43,,53.239404,-6.660165,24 x 7,,
RoI,Kildare,"Tesco Naas Metro, Naas East, Naas, Co. Kildare, Naas",1,0,0,0,2,,,,22(2),53.2206858,-6.6579801,24 x 7,,
RoI,Kildare,"Hedermans Car Park, Friary Road, Naas",1,0,0,0,2,,,,22(2),53.218385,-6.658147,24 x 7,,
RoI,Kildare,"Fairgreen Street, Naas",1,0,0,0,2,,,,22(2),53.214347,-6.665187,24 x 7,,
RoI,Kildare,"Irish Rail, Newbridge Train Station, Station Road, Newbridge",1,0,0,0,2,,,,22(2),53.185063,-6.808063,24 x 7,,
RoI,Kildare,"Tesco Newbridge, Moorfield Road, Newbridge, Co. Kildare, Newbridge",1,0,0,0,2,,,,22(2),53.1734832,-6.8060467,24 x 7,,
RoI,Kildare,"Irish Rail, Sallins and Naas Train Station (South Car Park), The Waterways (R407), Off R407, Sallins",1,0,0,0,2,,,,22(2),53.246846,-6.66414,24 x 7,,
RoI,Kilkenny,"Off Chapel Lane, Callan",1,0,0,0,2,,,,22(2),52.542453,-7.392293,24 x 7,,
RoI,Kilkenny,"IMC Barrack Street, Kilkenny",2,4,0,0,0,100(4),,,,52.6571137,-7.2475077,24 x 7,,
RoI,Kilkenny,"St. Canice's Council Car Park, Butt's Green, Kilkenny",1,2,0,0,0,100(2),,,,52.655331,-7.260136,24 x 7,,
RoI,Kilkenny,"Kilkenny Retail Park,Springhill, Kilkenny",2,3,1,1,0,"150(2), 50",50,43,,52.6353895,-7.2441953,24 x 7,,
RoI,Kilkenny,"John's Green Car park, Off Barrack Street, Kilkenny City",1,0,0,0,2,,,,22(2),52.655593,-7.247032,24 x 7,,
RoI,Kilkenny,"Irish Rail, Dublin Road, Kilkenny City",1,0,0,0,2,,,,22(2),52.654109,-7.244226,24 x 7,,
RoI,Kilkenny,"County Hall Car Park, Off Maudlin Street, Kilkenny City",1,0,0,0,2,,,,22(2),52.652859,-7.248367,Mon:07:00-22:00 Tue:07:00-22:00 Wed:07:00-22:00 Thu:07:00-22:00 Fri:07:00-22:00,,
RoI,Kilkenny,"Fair Green Car Park, Off Gaol Road, Kilkenny City",1,0,0,0,2,,,,22(2),52.650076,-7.257542,24 x 7,,
RoI,Kilkenny,"Knocktopher Centra, Whitescastle Lower, Knocktopher",2,4,1,0,0,200(4),70,,,52.48637,-7.218446,24 x 7,M9 M9 Junction 10,
RoI,Kilkenny,"Inver Slieverue Junction, Rathpatrick, X91E6CY",2,4,4,0,0,200(4),70(4),,,52.2875701,-7.0611637,24 x 7,,
RoI,Kilkenny,"The Quay, Thomastown",1,0,0,0,2,,,,22(2),52.526499,-7.135967,24 x 7,,
RoI,Kilkenny,"Texaco Service Station, Main Street, Urlingford",1,1,1,1,0,50,50,43,,52.719319,-7.585956,24 x 7,,
RoI,Laois,"Temperance Street, Abbeyleix, A01",1,0,0,0,2,,,,22(2),52.913019,-7.346601,24 x 7,,
RoI,Laois,"Circle K Service Station, M8 At Junction 3 (R433), Ballacolla",2,2,2,0,1,"150, 50","70, 50",,22,52.866617,-7.480896,24 x 7,M8 M8 Junction 3,
RoI,Laois,"O'Moore Street, Mountmellick",1,0,0,0,2,,,,22(2),53.118234,-7.333091,24 x 7,,
RoI,Laois,"Public Car Park, Off Link Road (R420), Portarlington",1,1,1,0,1,50,50,,22,53.160461,-7.187451,24 x 7,R420,
RoI,Laois,"Irish Rail Train Station Car Park, Station Road, , Portarlington",1,0,0,0,2,,,,22(2),53.146359,-7.181829,24 x 7,,
RoI,Laois,"Irish Rail, Station Road, Portlaoise",1,0,0,0,2,,,,22(2),53.036631,-7.301402,24 x 7,,
RoI,Laois,"Lyster Square, Portlaoise",1,0,0,0,2,,,,22(2),53.032991,-7.298964,24 x 7,,
RoI,Laois,"Car Park beside ESB  Offices, Abbeyleix Road, Portlaoise",1,1,1,1,0,50,50,43,,53.030737,-7.301713,24 x 7,,
RoI,Laois,"Portlaoise Plaza, Exit 17, M7, Portlaoise",4,8,2,0,0,200(8),70(2),,,53.014096,-7.3083047,24 x 7,M7 M7,
RoI,Leitrim,"St. Georges Terrace, Carrick-on-Shannon",1,0,0,0,2,,,,22(2),53.943937,-8.098735,24 x 7,,
RoI,Leitrim,"Glebe Street, Mohill",1,0,0,0,2,,,,22(2),53.922426,-7.866286,24 x 7,,
RoI,Limerick,"Tesco Abbeyfeale,Colbert Terrace, Abbeyfeale West,, Tesco Abbeyfeale,Colbert Terrace, Abbeyfeale West, Abbeyfeale, Co. Limerick, Abbeyfeale",1,0,0,0,2,,,,22(2),52.387722,-9.2988491,24 x 7,,
RoI,Limerick,"Off Grove Crescent, Abbeyfeale",1,0,0,0,2,,,,22(2),52.384589,-9.298733,24 x 7,,
RoI,Limerick,"Heritage Centre Parking, Main Street, Adare",1,0,0,0,2,,,,22(2),52.565132,-8.790471,24 x 7,,
RoI,Limerick,"Foundation Car Park At  University Concert Hall, (R445/L1118), University of Limerick, Castletroy",1,0,0,0,2,,,,22(2),52.675091,-8.5739,24 x 7,,
RoI,Limerick,"Reidy's Circle K, Main Street, Foynes",1,0,0,0,2,,,,22(2),52.607471,-9.099685,24 x 7,,
RoI,Limerick,"Circle K Service Station, Sexton Street North, Thomondgate, Limerick City",1,1,1,1,0,50,50,43,,52.6716,-8.63531,24 x 7,,
RoI,Limerick,"Merchant's Quay, Limerick City",1,0,0,0,2,,,,22(2),52.667322,-8.623874,24 x 7,,
RoI,Limerick,"Bedford Row, Limerick City",1,0,0,0,2,,,,22(2),52.663928,-8.629209,24 x 7,,
RoI,Limerick,"Milk Market, Mungret Court, Limerick City",1,0,0,0,2,,,,22(2),52.6638,-8.6216,24 x 7,,
RoI,Limerick,"Bishop's Quay, Limerick City",1,0,0,0,2,,,,22(2),52.661893,-8.632049,24 x 7,,
RoI,Limerick,"Pery Street, Limerick City",1,0,0,0,2,,,,22(2),52.6597,-8.6276,24 x 7,,
RoI,Limerick,"Pery Square, Limerick City",1,1,1,0,1,50,50,,22,52.6582,-8.6294,24 x 7,,
RoI,Limerick,"Circle K Service Station, Ballysimon Road (R527), Limerick City, V94 V1KF",2,3,3,0,1,"150(2), 50","70(2), 50",,22,52.652717,-8.593319,24 x 7,,
RoI,Limerick,"Crescent Shopping Centre HPC Hub, Limerick City",4,8,2,0,0,200(8),70(2),,,52.641943,-8.6474092,24 x 7,,
RoI,Limerick,"Tesco Newcastle West, Limerick Rd, Rathnaneane, Newcastle West, Co. Limerick, Newcastle West",1,0,0,0,2,,,,22(2),52.4499155,-9.0467588,24 x 7,,
RoI,Limerick,"Church Street, Newcastlewest",1,0,0,0,2,,,,22(2),52.452409,-9.061489,24 x 7,,
RoI,Limerick,"Garvey's Centra Service Station, St.Marys Road, Newcastlewest",1,1,1,1,0,50,50,43,,52.44862,-9.053228,24 x 7,,
RoI,Longford,"Main Street, Ballymahon",1,1,1,0,1,50,50,,22,53.562243,-7.763038,24 x 7,,
RoI,Longford,"Irish Rail Train Station, Station Road, Edgeworthstown",1,0,0,0,2,,,,7(2),53.689312,-7.604182,24 x 7,,
RoI,Longford,"Church Street, Longford",1,0,0,0,2,,,,22(2),53.73057,-7.8016,24 x 7,,
RoI,Longford,"Market Square, Longford",1,0,0,0,2,,,,22(2),53.725111,-7.800276,24 x 7,,
RoI,Longford,"Camlin Centra Texaco Service Station, Dublin Road, Longford",1,1,1,1,0,50,50,43,,53.724529,-7.78376,24 x 7,,
RoI,Longford,"Irish Rail Car Park, Off Earl Street, Longford Town",1,0,0,0,2,,,,22(2),53.723916,-7.795273,24 x 7,,
RoI,Louth,"Irish Street, Ardee",1,0,0,0,2,,,,22(2),53.860912,-6.542098,24 x 7,,
RoI,Louth,"Village Centre Car Park, Main Street (R172), Blackrock",1,0,0,0,2,,,,22(2),53.963924,-6.364996,24 x 7,R172,
RoI,Louth,"Tourist Office Car Park, Market Street/R173, Carlingford",1,0,0,0,2,,,,22(2),54.040456,-6.185322,24 x 7,R173,
RoI,Louth,"Public Car Park, Trinity Street, Drogheda",1,0,0,0,2,,,,22(2),53.717924,-6.363419,24 x 7,,
RoI,Louth,"Bolton Square Public Car Park, Bolton Street, Drogheda",1,1,1,0,1,50,50,,22,53.71713,-6.354049,24 x 7,,
RoI,Louth,"Irish Rail, Dublin Road, Drogheda",1,0,0,0,2,,,,22(2),53.7119,-6.3366,24 x 7,,
RoI,Louth,"Bus Station Car Park, Donore Road, Drogheda",1,0,0,0,2,,,,22(2),53.710949,-6.355072,24 x 7,,
RoI,Louth,"Tesco Extra Drogheda, Donore Rd, Matthews Ln S, Lagavooren, Drogheda, Co. Louth, Drogheda",1,0,0,0,2,,,,22(2),53.7023422,-6.374282,24 x 7,,
RoI,Louth,"Linenhall Street, Dundalk",1,0,0,0,2,,,,22(2),54.010244,-6.402563,24 x 7,,
RoI,Louth,"Long Walk Shopping Centre, The Long Walk, Dundalk",1,0,0,0,2,,,,22(2),54.006182,-6.404217,24 x 7,,
RoI,Louth,"Louth County Council, Saint Alphonsus Road, Dundalk",1,0,0,0,2,,,,22(2),54.003855,-6.387454,24 x 7,,
RoI,Louth,"Public Car Park, Rampart Lane, Dundalk",1,1,1,0,1,50,50,,22,54.003329,-6.397354,24 x 7,,
RoI,Louth,"Irish Rail, Carrickmacross Road, Dundalk",1,0,0,0,2,,,,22(2),54.000122,-6.412418,24 x 7,,
RoI,Louth,"Tesco Dundalk, Dundalk Shopping Centre, Stapleton Dr, Dundalk, Co. Louth, Dundalk",1,0,0,0,2,,,,22(2),53.9985074,-6.4050677,24 x 7,,
RoI,Louth,"Circle K Oriel Service Station Dublin Road, Dundalk, A91 YN3F",2,3,3,0,1,"150(2), 50","70(2), 50",,22,53.9883546,-6.3985334,24 x 7,,
RoI,Mayo,"Public Car Park, Humbert Street, Ballina",1,0,0,0,2,,,,7(2),54.116236,-9.153369,24 x 7,,
RoI,Mayo,"Moy Court, Off Bachelor's Walk, Ballina",1,1,1,0,1,50,50,,22,54.1157591,-9.149274,24 x 7,,
RoI,Mayo,"McHugh's Texaco Service Station, Galway Road, Ballindine",1,1,1,1,0,50,50,43,,53.667639,-8.955524,24 x 7,,
RoI,Mayo,"Tesco Superstore, Claremorris Road, Ballinrobe",1,0,0,0,2,,,,22(2),53.6272855,-9.217092,24 x 7,,
RoI,Mayo,"SuperValu Car Park, Church Lane, Ballinrobe",1,0,0,0,2,,,,22(2),53.622633,-9.221264,24 x 7,,
RoI,Mayo,"Swimming Pool Car Park, Clare Street, Ballyhaunis",1,0,0,0,2,,,,22(2),53.762046,-8.765583,24 x 7,,
RoI,Mayo,"Car Park, Off Church Street, Belmullet",1,0,0,0,2,,,,22(2),54.222996,-9.989089,24 x 7,,
RoI,Mayo,"Public Car Park, Market Street, Castlebar",1,0,0,0,2,,,,22(2),53.8569,-9.3007,24 x 7,,
RoI,Mayo,"Mulroys Service Station, Castlebar",2,3,1,0,0,"150(2), 100",50,,,53.8566681,-9.2845905,24 x 7,,
RoI,Mayo,"Casey's Centra Circle K, Lannagh Road, Castlebar",1,1,1,1,0,50,50,43,,53.854221,-9.305581,24 x 7,,
RoI,Mayo,"The Mall, Castlebar",1,0,0,0,2,,,,22(2),53.8534,-9.2985,24 x 7,,
RoI,Mayo,"Charlestown Service Station (Supermac's) Ballyhaunis Road, Charlestown",2,4,4,0,0,200(4),70(4),,,53.9598341,-8.7957719,24 x 7,,
RoI,Mayo,"Leisure Centre Car Park, Dalton Street, Claremorris",1,2,0,0,0,100(2),,,,53.722118,-8.996996,24 x 7,,
RoI,Mayo,"Tesco, Kiltimagh Road (via Chapel Street), Swinford",1,0,0,0,2,,,,22(2),53.9386,-8.9525,24 x 7,,
RoI,Mayo,"Castlebar Street, Westport",1,0,0,0,2,,,,22(2),53.8007,-9.5199,24 x 7,,
RoI,Mayo,"Leisure Centre Car Park, Off James Street, Westport",1,2,0,0,0,100(2),,,,53.8005,-9.5241,24 x 7,,
RoI,Meath,"Circle K, Ratoath Road, Ashbourne, A01",1,1,1,1,0,50,50,43,,53.495491,-6.395969,24 x 7,,
RoI,Meath,"Tesco Bettystown, Narrow Ways, Eastham Rd, Meath, Ireland, Bettystown",1,0,0,0,2,,,,22(2),53.6969985,-6.2474192,24 x 7,,
RoI,Meath,"Irish Rail, Dunboyne Train Station, Station Road (L2228), Dunboyne",1,0,0,0,2,,,,22(2),53.41658,-6.46339,24 x 7,L2228,
RoI,Meath,"Irish Rail Train Station Car Park, Off Main Street, Enfield",1,0,0,0,2,,,,22(2),53.415451,-6.834811,24 x 7,,
RoI,Meath,"Relish xpress, M1 Junction 7 (R132), Mosney Cross (R132), Julianstown, A92HW86",1,0,0,0,2,,,,22(2),53.6584,-6.2636,24 x 7,M1 M1 Junction 7,
RoI,Meath,"Park Ri Service Station, Cavan Road, Townparks, Kells, A82E7F3",2,2,2,1,0,"150, 50","70, 50",43,,53.730936,-6.8886429,24 x 7,,
RoI,Meath,"Off Circular Road, Kells",1,1,1,0,1,50,50,,22,53.728958,-6.88217,24 x 7,,
RoI,Meath,"Bective Street, Kells",1,0,0,0,2,,,,22(2),53.722954,-6.881176,24 x 7,,
RoI,Meath,"Alverno Terrace, Laytown",1,0,0,0,2,,,,22(2),53.678649,-6.23974,24 x 7,,
RoI,Meath,"Public Car Park, Kells Road (N51), Off Inner Relief Road, Navan",1,0,0,0,2,,,,22(2),53.655729,-6.687417,24 x 7,N51 N51,
RoI,Meath,"Public Car Park, Abbey Road, Navan",1,0,0,0,2,,,,22(2),53.654434,-6.683919,24 x 7,,
RoI,Meath,"Public Car Park, Fair Green, Navan",1,0,0,0,2,,,,22(2),53.651566,-6.684154,24 x 7,,
RoI,Meath,"Maxol Riverside Service Station, Dublin Road (R147), Navan",1,1,1,0,1,50,50,,22,53.6477,-6.67673,24 x 7,R147,
RoI,Meath,"Irish Rail, M3 Parkway Station, M3 Junction 5 (R157/R147), Near Dunboyne",1,0,0,0,2,,,,7(2),53.43385,-6.47119,24 x 7,M3 M3 Junction 5,
RoI,Meath,"Conway's Spar Maxol, Fairyhouse Road, Ratoath, A85 FF20",2,3,3,0,1,"150(2), 50","70(2), 50",,22,53.5004488,-6.4676102,24 x 7,,
RoI,Meath,"Off Haggard Street, Trim",1,1,1,0,1,50,50,,22,53.558067,-6.789353,24 x 7,,
RoI,Meath,"Public Car Parking, Finnegan's Way, Off Castle Street, Trim",1,0,0,0,2,,,,22(2),53.553891,-6.791855,24 x 7,,
RoI,Meath,"Gillens Circle K (Londis), Dublin Rd, Trim",2,3,3,0,1,"150(2), 50","70(2), 50",,22,53.5529374,-6.7613708,24 x 7,,
RoI,Monaghan,"Market Street, Carrickmacross",1,1,1,0,1,50,50,,22,53.978095,-6.719502,24 x 7,,
RoI,Monaghan,"Louis Convent, Castle Street, Carrickmacross",1,0,0,0,2,,,,22(2),53.973836,-6.718495,24 x 7,,
RoI,Monaghan,"Off Thomas Street, Castleblaney",1,0,0,0,2,,,,22(2),54.118976,-6.734236,24 x 7,,
RoI,Monaghan,"Town Centre Car Park, Off Fermanagh Street, Clones",1,0,0,0,2,,,,22(2),54.180374,-7.232457,24 x 7,,
RoI,Monaghan,"Old Cross Square, Monaghan",1,0,0,0,2,,,,22(2),54.246923,-6.964533,24 x 7,,
RoI,Monaghan,"Circle K Service Station, Emyvale Road (N2), Coolshannagh, Monaghan Town",2,3,3,0,1,"150(2), 50","70(2), 50",,22,54.2636,-6.9592,24 x 7,N2 N2,
RoI,Offaly,"West End, Banagher",1,0,0,0,2,,,,22(2),53.192077,-7.990944,24 x 7,,
RoI,Offaly,"Marian Hall Car Park, Off William Street, Birr",1,1,1,0,1,50,50,,22,53.09578,-7.913652,24 x 7,,
RoI,Offaly,"Tesco Birr,Railway Rd, Drumbane,, Drumbane, Birr, R42 YX23",1,0,0,0,2,,,,22(2),53.0901392,-7.9097758,24 x 7,,
RoI,Offaly,"Irish Rail Clara Train Station, Railway View, Clara",1,0,0,0,2,,,,22(2),53.340138,-7.616688,24 x 7,,
RoI,Offaly,"Tesco Edenderry, Clonmullen Industrial Estate, Dublin Rd, Edenderry, Co. Offaly, Edenderry",1,0,0,0,2,,,,22(2),53.3458469,-7.0446194,24 x 7,,
RoI,Offaly,"O'Connell Square, Edenderry",1,0,0,0,2,,,,22(2),53.343358,-7.048445,24 x 7,,
RoI,Offaly,"Market Square, Tullamore",1,0,0,0,2,,,,22(2),53.275635,-7.490152,24 x 7,,
RoI,Offaly,"Tanyard Lane, Tullamore",1,1,1,0,1,50,50,,22,53.273339,-7.490183,24 x 7,,
RoI,Offaly,"Irish Rail, Western Relief Road (R443) Kilcruttin, Tullamore",1,0,0,0,2,,,,22(2),53.270244,-7.499381,24 x 7,R443,
RoI,Roscommon,"Casey's Londis, Athlone Road",2,3,1,0,1,"150(2), 50",50,,22,53.6292253,-8.1856616,24 x 7,,
RoI,Roscommon,"Duffy's Supervalu, Off Main Stree/Market Street (R293/L1244), Ballaghadereen",1,1,1,1,0,50,50,43,,53.902067,-8.584513,Mon:08:00-21:00 Tue:08:00-21:00 Wed:08:00-21:00 Thu:08:00-21:00 Fri:08:00-21:00 Sat:08:00-21:00 Sun:08:00-19:00,,
RoI,Roscommon,"New Street (R293), Ballaghadreen",1,0,0,0,2,,,,22(2),53.900165,-8.583955,24 x 7,R293,
RoI,Roscommon,"Brogans Lane ( Athlone Road ) Roscommon, Ballypheasan",1,1,1,0,1,50,50,,22,53.62904,-8.18817,24 x 7,,
RoI,Roscommon,"Military Road, Boyle",1,0,0,0,2,,,,22(2),53.97367,-8.300383,24 x 7,,
RoI,Roscommon,"Carrick Road, Boyle",1,0,0,0,2,,,,22(2),53.971854,-8.30158,24 x 7,,
RoI,Roscommon,"Lunney’s Service Station, Sligo Road, Carrick-on-Shannon",2,2,2,0,1,"150, 50","70, 50",,22,53.941292,-8.10011,24 x 7,,
RoI,Roscommon,"Main Street, Castlerea",1,0,0,0,2,,,,22(2),53.768179,-8.49094,24 x 7,,
RoI,Roscommon,"Barrack Street, Castlerea",1,0,0,0,2,,,,22(2),53.766167,-8.483368,24 x 7,,
RoI,Roscommon,"Castle Street, Roscommon",1,0,0,0,2,,,,22(2),53.6330263,-8.1895384,24 x 7,,
RoI,Roscommon,"Town Centre Car Park, Off Main Street, Roscommon Town",1,0,0,0,2,,,,22(2),53.6308366,-8.1886934,24 x 7,,
RoI,Sligo,"Irish Rail Collooney Station, Coolaney Road (L2101), Collooney",1,0,0,0,2,,,,7(2),54.186644,-8.494964,24 x 7,L2101,
RoI,Sligo,"Yeats Tavern & Davis' Restaurant, Sligo-Bundoran Road (N15), Drumcliffe",1,0,0,0,2,,,,22(2),54.328887,-8.501889,24 x 7,N15 N15,
RoI,Sligo,"Circle K ( Londis ) Service Station, Sligo Road, Grange, Sligo, Grange",2,1,1,1,2,50,50,43,22(2),54.389519,-8.528397,Mon:07:00-23:00 Tue:07:00-23:00 Wed:07:00-23:00 Thu:07:00-23:00 Fri:07:00-23:00 Sat:07:00-23:00 Sun:07:00-23:00,,
RoI,Sligo,"Train Station, Lord Edward Street, Sligo, F91 K752",1,0,0,0,2,,,,22(2),54.27203,-8.4825,24 x 7,,
RoI,Sligo,"9-12 Union Place, Sligo Town",1,1,1,0,1,50,50,,22,54.273682,-8.480708,24 x 7,,
RoI,Sligo,"Riverside, Sligo Town",1,0,0,0,2,,,,22(2),54.271302,-8.465001,24 x 7,,
RoI,Sligo,"Wolfe Tone Square, Tubbercurry",1,0,0,0,2,,,,22(2),54.054302,-8.729412,24 x 7,,
RoI,Tipperary,"Tipperary Town Plaza,Limerick Road, Bohercrow",2,4,4,0,0,200(4),70(4),,,52.4792676,-8.1757967,24 x 7,,
RoI,Tipperary,"Courthouse Car Park, Saint Nicholas Park, Carrick-on-Suir",1,0,0,0,2,,,,22(2),52.348698,-7.409999,24 x 7,,
RoI,Tipperary,"Strand Car Park (access via Castle Lane/Oven Lane), Carrick-on-Suir",1,0,0,0,2,,,,22(2),52.345534,-7.41366,24 x 7,,
RoI,Tipperary,"Circle K Service Station, M8 Junction 8 (R692), Wallers Lot, Cashel",1,1,1,0,1,50,50,,22,52.509038,-7.872552,24 x 7,M8 M8 Junction 8,
RoI,Tipperary,"Supervalu Car Park, Off Kickham Street, Clonmel",1,0,0,0,2,,,,22(2),52.355664,-7.700573,24 x 7,,
RoI,Tipperary,"Public Car Park, Off Mary Street/Gladstone Street, Clonmel",1,0,0,0,2,,,,22(2),52.353337,-7.703744,24 x 7,,
RoI,Tipperary,"Gordon Place Car Park, Wolfe Tone Street, Clonmel",1,1,1,0,1,50,50,,22,52.353099,-7.7068,24 x 7,,
RoI,Tipperary,"Obama Plaza, M7 Junction 23 (Circle K Service Station), Tipperary, Moneygall",4,8,8,0,0,200(8),70(8),,,52.883989,-7.944274,24 x 7,M7 M7 Junction 23,
RoI,Tipperary,"Tesco Tipperary, Limerick Rd, Murgasty",1,0,0,0,2,,,,22(2),52.4757206,-8.1726491,24 x 7,,
RoI,Tipperary,"Tesco Superstore, Borrisokane Road, Nenagh North, Nenagh",1,0,0,0,2,,,,22(2),52.8705809,-8.1976983,24 x 7,,
RoI,Tipperary,"Abbey Court Hotel, Dublin Road, Nenagh",1,1,1,1,0,50,50,43,,52.864558,-8.189447,24 x 7,,
RoI,Tipperary,"Circle K Daybreak Service Station, Limerick Road, Nenagh",2,0,0,0,2,,,,22(2),52.861526,-8.212924,24 x 7,,
RoI,Tipperary,"Supervalu Car Park, Off Green Street, Roscrea",1,0,0,0,2,,,,22(2),52.956953,-7.801199,24 x 7,,
RoI,Tipperary,"Circle K Carrig Service Station, Carrig Road, Roscrea",1,1,1,1,0,50,50,43,,52.946645,-7.796595,24 x 7,,
RoI,Tipperary,"Irish Rail, Butler Avenue, Thurles",1,0,0,0,2,,,,22(2),52.675998,-7.821686,24 x 7,,
RoI,Tipperary,"Town Car Park, Abbey Street, , Tipperary Town",1,0,0,0,2,,,,7(2),52.473217,-8.160363,24 x 7,,
RoI,Waterford,"Irish Rail Plunkett Station, Dock Road, Abbeylands",1,0,0,0,2,,,,22(2),52.26604,-7.116893,24 x 7,,
RoI,Waterford,"Davitts Quay, Dungarvan",1,0,0,0,2,,,,22(2),52.09105,-7.619949,24 x 7,,
RoI,Waterford,"St. Augustines Car Park, St. Augustine Street, Dungarvan",1,1,1,0,1,50,50,,22,52.088374,-7.620327,24 x 7,,
RoI,Waterford,"Dock Road, Dunmore East",1,0,0,0,2,,,,22(2),52.152969,-6.994926,24 x 7,,
RoI,Waterford,"Lower Branch Road, Tramore",1,0,0,0,2,,,,22(2),52.164062,-7.147005,24 x 7,,
RoI,Waterford,"Tramore Retail Park (Tesco), Summerhill Rise, Tramore",1,0,0,0,2,,,,22(2),52.163684,-7.15972,24 x 7,,
RoI,Waterford,"The Promenade, Tramore",1,0,0,0,2,,,,22(2),52.159399,-7.14197,24 x 7,,
RoI,Waterford,"Miller's Marsh Car Park, Off Poleberry Link Road/Johnstown, Waterford",1,0,0,0,2,,,,22(2),52.255957,-7.111051,24 x 7,,
RoI,Waterford,"Tesco Poleberry, Bath St, Poleberry Link Rd, Waterford, Waterford",1,0,0,0,2,,,,22(2),52.2542597,-7.111383,24 x 7,,
RoI,Waterford,"Waterford Institute of Technology, Cork Road, Waterford",1,0,0,0,2,,,,22(2),52.246699,-7.136054,24 x 7,,
RoI,Waterford,"Tesco Ballybeg, Ballybeg Dr, Ballybeg, Waterford, Waterford",1,0,0,0,2,,,,22(2),52.2368502,-7.1389734,24 x 7,,
RoI,Waterford,"Ballybricken Green, Ballybricken, Waterford City",1,1,1,0,0,100,50,,,52.259815,-7.117449,24 x 7,,
RoI,Waterford,"Parnell Street, Waterford City",1,0,0,0,2,,,,22(2),52.258851,-7.108709,24 x 7,,
RoI,Waterford,"Public Car Park, Bolton Street, Waterford City",1,2,0,0,0,100(2),,,,52.2587888,-7.1056263,24 x 7,,
RoI,Westmeath,"Irish Rail Train Station, Southern Station Road, Athlone",1,0,0,0,2,,,,7(2),53.427551,-7.938416,24 x 7,,
RoI,Westmeath,"Ballymahon Road, Athlone",1,1,1,0,1,50,50,,22,53.424683,-7.934554,24 x 7,,
RoI,Westmeath,"Castle Street, Athlone",1,0,0,0,2,,,,22(2),53.422802,-7.942743,24 x 7,,
RoI,Westmeath,"Circle K Service Station, Castlemaine Street (Dublin Road), Athlone",1,1,1,1,0,50,50,43,,53.420872,-7.926661,24 x 7,,
RoI,Westmeath,"Kilmartin N6 Service Station, Dublin road, Athlone",2,2,2,0,1,"150, 50","70, 50",,22,53.4105912,-7.8936794,24 x 7,N6 N6,
RoI,Westmeath,"Texaco (Mace & Supermacs), N4, Ballinalack",2,2,2,0,1,"150, 50","70, 50",,22,53.62617,-7.46709,24 x 7,N4 N4,
RoI,Westmeath,"The Square, Kilbeggan",1,0,0,0,2,,,,22(2),53.367976,-7.498115,24 x 7,,
RoI,Westmeath,"Circle K Service Station, M6 Junction 5 (R389/N52), Tullamore Road, Kilbeggan",1,1,1,1,0,50,50,43,,53.362824,-7.496517,24 x 7,M6 M6 Junction 5,
RoI,Westmeath,"Kinnegad Plaza, Kinnegad",4,8,8,0,0,200(8),70(8),,,53.452479,-7.106487,24 x 7,,
RoI,Westmeath,"Main Street, Moate",1,0,0,0,2,,,,22(2),53.394993,-7.719377,24 x 7,,
RoI,Westmeath,"Tesco Mullingar, Ashe Rd, Commons, Mullingar, Co. Westmeath, Mullingar",1,0,0,0,2,,,,22(2),53.52823,-7.3520975,24 x 7,,
RoI,Westmeath,"McCurtain Street Car Park, Mullingar",1,0,0,0,2,,,,22(2),53.527025,-7.336114,24 x 7,,
RoI,Westmeath,"Blackhall Car Park, Off Mount Street, Mullingar",1,1,1,0,1,50,50,,22,53.523766,-7.342081,24 x 7,,
RoI,Westmeath,"Irish Rail Train Station, Clonmore Road, Mullingar",1,0,0,0,2,,,,22(2),53.522866,-7.34717,24 x 7,,
RoI,Westmeath,"Circle K Service station, Centra O'Briens, Lynn Road, Mullingar",2,2,2,0,1,"150, 50","70, 50",,22,53.51467,-7.342111,24 x 7,,
RoI,Wexford,"Market Square, Bunclody",1,0,0,0,2,,,,22(2),52.6555,-6.6516,24 x 7,,
RoI,Wexford,"Public Car Park, Flanagan's Wharf (Off Main Street) (R472), Courtown Harbour",1,0,0,0,2,,,,22(2),52.644754,-6.227539,24 x 7,,
RoI,Wexford,"Circle K Service Station, Rosslare Road, Drinagh",1,1,1,0,1,50,50,,22,52.300278,-6.45881,24 x 7,,
RoI,Wexford,"Public Car Park, Island Road, Enniscorthy",1,0,0,0,2,,,,22(2),52.505551,-6.569767,24 x 7,,
RoI,Wexford,"Public  Car Park, Duffry Gate, Enniscorthy",1,0,0,0,2,,,,22(2),52.50341,-6.57359,24 x 7,,
RoI,Wexford,"Garda Station Car Park, Off Lymington Road, Enniscorthy",1,1,1,0,1,50,50,,22,52.501053,-6.570085,24 x 7,,
RoI,Wexford,"Gorey Services Station, M11, Gorey",1,1,1,1,0,50,50,43,,52.750751,-6.202196,24 x 7,M11 M11,
RoI,Wexford,"Maxol Service Station, Arklow Road, Gorey",1,1,1,0,1,50,50,,22,52.67807,-6.289287,24 x 7,,
RoI,Wexford,"Civic Centre Car Park, The Avenue, Gorey",1,0,0,0,2,,,,22(2),52.67315,-6.29569,24 x 7,,
RoI,Wexford,"Tesco Gorey, Ramstown, Gorey, Co. Wexford, Gorey",1,0,0,0,2,,,,22(2),52.6723069,-6.2995805,24 x 7,,
RoI,Wexford,"Irish Rail, Railway Road, Gorey",1,0,0,0,2,,,,22(2),52.671783,-6.292575,24 x 7,,
RoI,Wexford,"Amber/Centra Service Station, Rosslare Road, Killinick",1,1,1,1,0,50,50,43,,52.25783,-6.456163,24 x 7,,
RoI,Wexford,"Barrack Lane, New Ross",1,1,1,0,1,50,50,,22,52.395284,-6.943578,24 x 7,,
RoI,Wexford,"Public Car Park, Off South Street, New Ross",1,0,0,0,2,,,,22(2),52.3928,-6.9452,24 x 7,,
RoI,Wexford,"Tesco New Ross, Bosheen St, Portersland, New Ross",1,0,0,0,2,,,,22(2),52.3911408,-6.9281627,24 x 7,,
RoI,Wexford,"Abbey Street, Wexford",1,0,0,0,2,,,,22(2),52.340105,-6.463952,24 x 7,,
RoI,Wexford,"Tesco Wexford, Whitewell, Wexford, Wexford",1,0,0,0,2,,,,22(2),52.3321143,-6.4610688,24 x 7,,
RoI,Wexford,"Public Car Park, Off Wellington Place/Redmond Place, Wexford Town",1,0,0,0,2,,,,22(2),52.342373,-6.464083,24 x 7,,
RoI,Wexford,"Donovan's Wharf Car Park, Harper's Lane, Crescent Quay, Wexford Town",1,0,0,0,2,,,,22(2),52.337957,-6.460155,24 x 7,,
RoI,Wexford,"High Street, Wexford Town",1,0,0,0,2,,,,22(2),52.337426,-6.46209,24 x 7,,
RoI,Wicklow,"Riverwalk, Via Upper Main Street, Arklow",1,0,0,0,2,,,,22(2),52.79884,-6.153186,24 x 7,,
RoI,Wicklow,"Laffins Lane Car Park, Via Lower Main Street or Castle Park, Arklow",1,1,1,0,1,50,50,,22,52.796732,-6.154016,24 x 7,,
RoI,Wicklow,"Tesco Arklow, Arklow Square, Wexford Rd, Arklow",1,0,0,0,2,,,,22(2),52.7951845,-6.1606694,24 x 7,,
RoI,Wicklow,"Irish Rail, Mary Street, Arklow",1,0,0,0,2,,,,22(2),52.794954,-6.159181,24 x 7,,
RoI,Wicklow,"GAA Car Park, Main Street, Ashford",1,0,0,0,2,,,,22(2),53.011805,-6.108066,24 x 7,,
RoI,Wicklow,"Quinsborough Road, Bray",1,0,0,0,2,,,,22(2),53.204956,-6.103734,24 x 7,,
RoI,Wicklow,"Strand Road, Opp. Sea Life Aquarium, Bray",1,1,1,0,1,50,50,,22,53.203434,-6.098695,24 x 7,,
RoI,Wicklow,"Novara Road, Bray",1,0,0,0,2,,,,22(2),53.202217,-6.107886,24 x 7,,
RoI,Wicklow,"Strand Road, Bray",1,0,0,0,2,,,,22(2),53.198448,-6.09546,24 x 7,,
RoI,Wicklow,"Tesco, Vevay Road, Bray",1,1,1,1,0,50,50,43,,53.19518,-6.108436,24 x 7,,
RoI,Wicklow,"Tesco Greystones, Kilcoole Rd, Rathdown Lower, Greystones, Greystones",1,0,0,0,2,,,,22(2),53.1448268,-6.0757718,24 x 7,,
RoI,Wicklow,"Irish Rail Wicklow Train Station, Wicklow",1,0,0,0,2,,,,7(2),52.9879481,-6.0518788,24 x 7,,
RoI,Wicklow,"Bachelor's Walk, Wicklow",1,0,0,0,2,,,,22(2),52.981676,-6.042404,24 x 7,,
RoI,Wicklow,"Tesco, Glebe Road, Wicklow Town",1,1,1,0,1,50,50,,22,52.983325,-6.051079,24 x 7,,
RoI,Wicklow,"Church Street, Wicklow Town",1,0,0,0,2,,,,22(2),52.981196,-6.044072,24 x 7,,
RoI,Wicklow,"Public Car Park, Convent Road Kilmantin Hill, Wicklow Town",1,0,0,0,2,,,,22(2),52.978236,-6.038787,24 x 7,,
NI,,"Stormont Hotel, Upper Newtownards Road, Belfast, BT4 3LP",1,0,0,0,2,,,,22(2),54.59371,-5.839133,24 x 7,,
NI,,"NW Transport Hub, Waterside Link, Derry, BT47 6AH",2,0,0,0,4,,,,7(4),54.9930477,-7.3127255,24 x 7,,
NI,Antrim,"Dunsilly Park and Ride, Dunsilly Roundabout, Antrim, BT41 2JH",1,0,0,0,2,,,,22(2),54.74636,-6.234244,24 x 7,,
NI,Antrim,"Junction One Shopping Centre, Ballymena Road, Antrim, BT41 4LL",1,0,0,0,2,,,,22(2),54.73014,-6.2305,24 x 7,,
NI,Antrim,"Causeway Coast and Glens Borough Council Car Park, Castle Street, Antrim, BT41 4JE",1,0,0,0,2,,,,22(2),54.7177206,-6.2202943,24 x 7,,
NI,Antrim,"Antrim Park & Ride, Station Road, Antrim, BT41 4AB",1,0,0,0,2,,,,22(2),54.717252,-6.210415,24 x 7,,
NI,Antrim,"Council Car Park, Dublin Road/Bridge Street, Antrim, BT41 4DA",1,0,0,0,2,,,,22(2),54.712504,-6.218678,24 x 7,,
NI,Antrim,"Crumlin Community Centre, Main Street, Crumlin, Antrim, BT29 4UR",1,0,0,0,2,,,,22(2),54.62047,-6.2147,24 x 7,,
NI,Antrim,"Car Park, Abbey Lane, Off Linenhall Street, Armagh, BT61 7DW",1,0,0,0,2,,,,22(2),54.34658,-6.653094,24 x 7,,
NI,Antrim,"Causeway Coast and Glens Borough Council Car Park, Castle Street, Ballycastle, BT64 6AS",1,0,0,0,2,,,,22(2),55.200932,-6.253492,24 x 7,,
NI,Antrim,"Ballygally Castle Hotel, 274 Coast Rd, Ballygalley, BT40 2QZ",1,0,0,0,2,,,,22(2),54.899439,-5.861231,24 x 7,,
NI,Antrim,"Ballymena Park and Ride, Galgorm Road, Ballymena, BT42 1AD",1,0,0,0,2,,,,22(2),54.864446,-6.284769,24 x 7,,
NI,Antrim,"Seven Towers Leisure Centre Car Park, Via A26 Larne Road Link (At KFC), Ballymena, BT43 7BL",1,2,0,0,0,100(2),,,,54.8623228,-6.2682943,24 x 7,,
NI,Antrim,"Council Car Park, Henry Street, Ballymena, BT42 3AH",1,2,0,0,0,100(2),,,,54.860083,-6.277401,24 x 7,,
NI,Antrim,"Car Park County Hall, 182 Galgorm Rd, Ballymena, BT42 1QF",1,0,0,0,2,,,,22(2),54.857101,-6.308798,24 x 7,,
NI,Antrim,"Maxol Centra Antrim Road Filling Station, Queen Street, Ballymena, BT42 2BJ",1,2,0,0,0,100(2),,,,54.853932,-6.275528,24 x 7,,
NI,Antrim,"Ballee Road Park and Share, Ballymena, BT42 2HD",1,0,0,0,2,,,,22(2),54.844648,-6.273606,24 x 7,,
NI,Antrim,"Townhead Street, Ballymoney, BT53 6BE",1,0,0,0,2,,,,22(2),55.071775,-6.519416,24 x 7,,
NI,Antrim,"Trolan's Supervalu (Filling Station), Ballymena Road (B62), Ballymoney, BT53 7AB",1,0,0,0,2,,,,22(2),55.0710605,-6.5026115,24 x 7,,
NI,Antrim,"Joey Dunlop Leisure Centre, 33 Garryduff Rd, Ballymoney, BT53 7DB",1,0,0,0,2,,,,22(2),55.063572,-6.494441,24 x 7,,
NI,Antrim,"Fort Service Station, 234 Shore Road, Belfast, BT15 3QB",1,1,1,0,1,50,50,,22,54.629701,-5.922442,24 x 7,,
NI,Antrim,"Eastside Park and Ride, Middlepath Street, Belfast, BT5 4BG",1,0,0,0,2,,,,22(2),54.6001346,-5.9135102,24 x 7,,
NI,Antrim,"Central Station Car Park, Mays Meadow, Belfast, BT1 3PB",2,0,0,0,2,,,,22(2),54.595384,-5.915776,24 x 7,,
NI,Antrim,"Adelaide Street, Belfast, BT2 8GB",1,0,0,0,2,,,,22(2),54.594342,-5.928256,24 x 7,,
NI,Antrim,"BCC Car Park, Cromac Street, Belfast, BT2 8JN",1,0,0,0,2,,,,22(2),54.5940068,-5.9241344,24 x 7,,
NI,Antrim,"BCC Car Park, Hope Street North/Bruce Street, Belfast, BT12 5EE",1,0,0,0,2,,,,22(2),54.5934816,-5.9356893,24 x 7,,
NI,Antrim,"BCC Car Park, Little Victoria Street, Belfast, BT2 7JH",1,0,0,0,2,,,,22(2),54.592703,-5.93343,24 x 7,,
NI,Antrim,"Lower Crescent, Belfast, BT7 1NR",1,0,0,0,2,,,,22(2),54.587893,-5.934377,24 x 7,,
NI,Antrim,"Sainsbury's Car Park, 28 Kennedy Centre, Falls Rd, Belfast, BT11 9AE",1,0,0,0,2,,,,22(2),54.5821544,-5.9794384,24 x 7,,
NI,Antrim,"Lisnasharragh Leisure Centre, Montgomery Rd, Castlereagh, Belfast, BT6 9HS",1,2,0,0,0,100(2),,,,54.5774,-5.88767,24 x 7,,
NI,Antrim,"Shane Retail Park, Boucher Road, Belfast, BT12",1,1,1,0,1,50,50,,22,54.572268,-5.97053,Mon:09:00-21:00 Tue:09:00-21:00 Wed:09:00-21:00 Thu:09:00-21:00 Fri:09:00-21:00 Sat:09:00-21:00 Sun:13:00-17:00,,
NI,Antrim,"Cairnshill Park and Ride, Saintfield Road/Purdysburn Road, Belfast, BT8 6RG",1,0,0,0,2,,,,22(2),54.546408,-5.905207,24 x 7,,
NI,Antrim,"Car Park opposite The Bushmills Inn, Main Street, Bushmills, BT57 8QB",1,0,0,0,2,,,,22(2),55.207426,-6.523373,24 x 7,,
NI,Antrim,"Spar car park , Havelock Place, Carnlough, BT44 0EU",1,2,0,0,0,100(2),,,,54.9941683,-5.9895497,24 x 7,,
NI,Antrim,"Council Public Car Park, Beverley Road, Carnmoney, BT36 6QD",1,0,0,0,2,,,,22(2),54.68885,-5.948989,24 x 7,,
NI,Antrim,"Carrickfergus Station Park and Ride, Victoria Street, Carrickfergus, BT38 8AQ",1,0,0,0,2,,,,22(2),54.717053,-5.810334,24 x 7,,
NI,Antrim,"BCC Car Park, Glenburn Road, Dunmurry, BT17 9AQ",1,0,0,0,2,,,,22(2),54.550341,-6.005085,24 x 7,,
NI,Antrim,"New Road (A2 Coast Road), Glenarm, BT44 0AA",1,0,0,0,2,,,,22(2),54.968494,-5.950874,24 x 7,,
NI,Antrim,"Jordanstown Train Station Park & Ride, Lynda Avenue, Jordanstown, BT37 0NX",1,0,0,0,2,,,,22(2),54.6866465,-5.8978241,24 x 7,,
NI,Antrim,"Larne Leisure Centre, 28 Tower Rd, Larne, BT40 1AB",1,0,0,0,2,,,,22(2),54.855201,-5.803055,24 x 7,,
NI,Antrim,"Agnew Street, Larne, BT40 1RF",1,0,0,0,2,,,,22(2),54.852279,-5.815372,24 x 7,,
NI,Antrim,"Riverdale, Off High Street, Larne, BT40 1LB",1,0,0,0,2,,,,22(2),54.85092,-5.824385,24 x 7,,
NI,Antrim,"Narrow Gauge/Circular Road, Larne, BT40 1XB",1,0,0,0,2,,,,22(2),54.8500597,-5.8182838,24 x 7,,
NI,Antrim,"Port Stop Circle K Service Station, Redlands Road, Larne, BT40 1AY",1,2,0,0,0,100(2),,,,54.846012,-5.807106,24 x 7,,
NI,Antrim,"Lisburn and Castlereagh City Council Car Park, Benson Street, Lisburn, BT28 2AA",1,0,0,0,2,,,,22(2),54.5138059,-6.0547978,24 x 7,,
NI,Antrim,"Sixmile Leisure Centre, Off Ballynure Road, Ballyclare, Newtownabbey, BT39 9YU",1,0,0,0,2,,,,22(2),54.752969,-5.997569,24 x 7,,
NI,Antrim,"Council Car Park, Harrier Way, Ballyclare, Newtownabbey, BT39 9AA",1,0,0,0,2,,,,22(2),54.750814,-5.999819,24 x 7,,
NI,Antrim,"Mossley West Park and Ride, The Glade / Carnmoney Road North, Newtownabbey, BT36 5NN",1,0,0,0,2,,,,22(2),54.696594,-5.951624,24 x 7,,
NI,Antrim,"Applegreen Templepatrick Services, M2 N/W-bound, Newtownabbey, BT364RN",1,1,1,0,1,50,50,,22,54.69481,-6.018397,24 x 7,M2 M2,
NI,Antrim,"Council Car Park, Farmley Road, Glengormley, Newtownabbey, BT36 7TY",1,0,0,0,2,,,,22(2),54.66953,-5.95782,24 x 7,,
NI,Antrim,"The Valley Leisure Centre, Church Road, Newtownabbey, BT36 7LJ",1,0,0,0,2,,,,22(2),54.661953,-5.930754,24 x 7,,
NI,Antrim,"Causeway Coast and Glens Borough Council Car Park, Lower Lansdowne Road/ Bath Road, Portrush, BT56 8AY",1,0,0,0,2,,,,22(2),55.20941,-6.65513,24 x 7,,
NI,Antrim,"Causeway Coast and Glens Borough Council Car Park, Dunluce Avenue, Portrush, BT56 8DW",1,0,0,0,2,,,,22(2),55.202916,-6.651237,24 x 7,,
NI,Antrim ,"Portrush Service Station, 185 Bushmills Road, Portrush, Co. Antrim, BT56 8JE",1,1,1,0,1,50,50,,22,55.2017099,-6.6457927,24 x 7,,
NI,Antrim,"Portglenone Road (Opposite Presbyterian Church, Randalstown, BT41 3EH",1,0,0,0,2,,,,22(2),54.751025,-6.323984,24 x 7,,
NI,Antrim,"Hilton Templepatrick Castle Upton Estate, Paradise Walk, Templepatrick, BT39 0DD",1,0,0,0,2,,,,22(2),54.710224,-6.093044,24 x 7,,
NI,Antrim,"Templepatrick Park and Ride, A6 Belfast Rd/Paradise Walk, Templepatrick, BT39 0DD",1,0,0,0,2,,,,22(2),54.705215,-6.089323,24 x 7,,
NI,Antrim,"Park And Ride, Moneynick Road (B18), Toome Bypass, Toomebridge, BT49 3QP",1,0,0,0,2,,,,22(2),54.749279,-6.44828,24 x 7,,
NI,Armagh,"Recreation Centre Car Park, 20 Cathedral Road, Armagh, BT61 7QX",1,0,0,0,2,,,,22(2),54.350942,-6.660039,24 x 7,,
NI,Armagh,"Public Parking, Palace Demense Park (A3), Off Friary Road (A3), Armagh, BT60 4EL",1,0,0,0,2,,,,22(2),54.340366,-6.65215,24 x 7,,
NI,Armagh,"Lough Neagh Discovery Centre, B76 (M1 Exit 10), Lurgan, Craigavon, BT66 6NJ",1,0,0,0,2,,,,22(2),54.496159,-6.384416,24 x 7,M1 M1,
NI,Armagh,"Craigavon Leisure Centre/Community Hub, Brownlow Rd, Craigavon, BT65 5DL",1,0,0,0,2,,,,22(2),54.445926,-6.364334,24 x 7,,
NI,Armagh,"Lurgan Park & Ride, Lough Road, Lurgan, BT66 6JB",1,0,0,0,2,,,,22(2),54.482015,-6.354253,24 x 7,,
NI,Armagh,"Council Car Park, Magowan Buildings, Woodhouse Street, Portadown, BT62 1JG",1,0,0,0,2,,,,22(2),54.423635,-6.446591,24 x 7,,
NI,Armagh,"McDonalds Car Park, Meadow Lane East, Portadown, BT62 3TN",1,0,0,0,2,,,,22(2),54.422202,-6.44002,24 x 7,,
NI,Armagh,"Council Car Park, Fair Green, Duke Street, Portadown, BT62 3PF",1,0,0,0,2,,,,22(2),54.4208777,-6.4474723,24 x 7,,
NI,Armagh,"Market Street, Tandragee, BT62 2BW",1,0,0,0,2,,,,22(2),54.352986,-6.412773,24 x 7,,
NI,Derry,"Carlisle Road, Derry City, BT48 6JW",1,0,0,0,2,,,,22(2),54.9932023,-7.3193956,24 x 7,,
NI,Derry,"Templemore Leisure Centre, Templemore Road, Londonderry, BT48 7QL",1,0,0,0,2,,,,22(2),55.025118,-7.337706,24 x 7,,
NI,Derry/Londonderry,"Benone Tourist Complex, 53 Benone Ave, Benone, BT49 0LQ",1,0,0,0,2,,,,22(2),55.163904,-6.871463,24 x 7,,
NI,Derry/Londonderry,"Park and Ride, Castledawson Road (A31), Castledawson, BT49 0NW",1,0,0,0,2,,,,22(2),54.770986,-6.57608,24 x 7,,
NI,Derry/Londonderry,"Council Car Park, Union Street, Central Magherafelt, BT45 6DF",1,0,0,0,2,,,,22(2),54.756443,-6.610751,24 x 7,,
NI,Derry/Londonderry,"Coleraine Park and Ride, Railway Place, Coleraine, BT52 1PQ",1,0,0,0,2,,,,22(2),55.133625,-6.663814,24 x 7,,
NI,Derry/Londonderry,"Causeway Coast and Glens Borough Council Car Park, Waterside Lane, Off Castlerock Street/Waterside (A2), Coleraine, BT51 3DP",1,0,0,0,2,,,,22(2),55.132465,-6.676898,24 x 7,,
NI,Derry/Londonderry,"Public Car Park, Chapel Road, Dungiven, BT47 4RT",1,0,0,0,2,,,,22(2),54.919368,-6.915843,24 x 7,,
NI,Derry/Londonderry,"Church Street, Kilrea, BT51 5QU",1,0,0,0,2,,,,22(2),54.95111,-6.555297,24 x 7,,
NI,Derry/Londonderry,"Main Street, Limavady, BT47 0ET",1,0,0,0,2,,,,22(2),55.052944,-6.951432,24 x 7,,
NI,Derry/Londonderry,"Catherine Street, Limavady, BT49 9DB",1,0,0,0,2,,,,22(2),55.049487,-6.953681,24 x 7,,
NI,Derry/Londonderry,"Roe Valley Country Park Hotel, Off Drumrane Road (B192), Limavady, BT49 9LB",1,0,0,0,2,,,,22(2),55.0375,-6.9537,24 x 7,,
NI,Derry/Londonderry,"Strand Road, Londonderry, BT48 7AJ",1,0,0,0,2,,,,22(2),55.001546,-7.322345,24 x 7,,
NI,Derry/Londonderry,"Victoria Market Car Park, Off Queens Quay Roundabout, Londonderry, BT48 7AS",1,0,0,0,2,,,,22(2),54.9989,-7.32095,24 x 7,,
NI,Derry/Londonderry,"The Diamond, Londonderry, BT48 6HN",1,0,0,0,2,,,,22(2),54.99548,-7.32185,24 x 7,,
NI,Derry/Londonderry,"Maxol Service Station, Glendermot Road, Waterside, Londonderry, BT47 6BG",1,1,1,0,1,50,50,,22,54.9946939,-7.3061492,24 x 7,,
NI,Derry/Londonderry,"Car Park, Bishop Street, Londonderry, BT48 6PT",2,0,0,0,2,,,,22(2),54.994629,-7.323503,24 x 7,,
NI,Derry/Londonderry,"Texaco Service Station, Glenshane Road, Maghera, BT46 5JZ",1,1,1,1,0,50,50,43,,54.8470429,-6.7203921,24 x 7,,
NI,Derry/Londonderry,"Craigadick Park & Ride, Glenshane Rd/Tobermore Rd (A6/A29) intersection, Maghera, BT46 5DR",1,0,0,0,2,,,,22(2),54.836708,-6.683699,24 x 7,,
NI,Derry/Londonderry,"Council Car Park, St. Lurachs Road, Magherafelt, BT46 5JE",1,0,0,0,2,,,,22(2),54.8434,-6.6713,24 x 7,,
NI,Derry/Londonderry,"St Patricks Street, Draperstown, Magherafelt, BT45 7AL",1,0,0,0,2,,,,22(2),54.793289,-6.785016,24 x 7,,
NI,Derry/Londonderry,"Meadowlane Shopping Centre, Moneymore Road, Magherafelt, BT45 6PR",1,0,0,0,2,,,,22(2),54.75236,-6.61157,24 x 7,,
NI,Derry/Londonderry,"Moneymore Recreation Centre, Moneyhaw Rd, Moneymore, BT45 7XJ",1,0,0,0,2,,,,22(2),54.688089,-6.671085,24 x 7,,
NI,Derry/Londonderry,"Main Street, Plumbridge, BT79 8AA",1,0,0,0,2,,,,22(2),54.767794,-7.250329,24 x 7,,
NI,Derry/Londonderry,"Derry City and Strabane District Council Car Park, Canal Basin, Dock Street, Strabane, BT82 8EE",1,0,0,0,2,,,,22(2),54.829324,-7.464149,24 x 7,,
NI,Derry/Londonderry,"The Fir Trees Hotel, Dublin Road, Strabane, BT82 9EA",2,2,0,0,2,100(2),,,22(2),54.8087,-7.47446,24 x 7,,
NI,Derry/Londonderry,"Albert Street Car Park, Off Main Street & Strabane Road, Castlederg, Strabane, BT81 7AT",1,0,0,0,2,,,,22(2),54.70753,-7.59209,24 x 7,,
NI,Down,"Dromore Road (A1), Banbridge, BT32 4ET",1,1,1,0,1,50,50,,22,54.3683077,-6.2175011,24 x 7,,
NI,Down,"Downshire Place, Banbridge, BT32 3DF",1,0,0,0,2,,,,22(2),54.3498679,-6.2703341,24 x 7,,
NI,Down,"Public Car Park, Townsend Street, Banbridge, BT32 3LF",1,0,0,0,2,,,,22(2),54.3467143,-6.2687488,24 x 7,,
NI,Down,"Public Car Park, Quay Street, Bangor, BT20 5ED",1,0,0,0,2,,,,22(2),54.664614,-5.66827,24 x 7,,
NI,Down,"Ivanhoe Inn & Hotel, 556 Saintfield Rd, Carryduff, BT8 8EU",1,0,0,0,2,,,,22(2),54.529472,-5.893496,24 x 7,,
NI,Down,"Council Public Car Park, The Square, Crossgar, BT30 9EE",1,0,0,0,2,,,,22(2),54.396759,-5.758739,24 x 7,,
NI,Down,"Main Street, Castlewellan, Down, BT31 9DQ",1,0,0,0,2,,,,22(2),54.2566055,-5.9466349,24 x 7,,
NI,Down,"The Quays Shopping Centre, Via Bridge Street or Albert Basin, Newry, Down, BT35 8QS",1,0,0,0,2,,,,7(2),54.168319,-6.34252,24 x 7,,
NI,Down,"Church Street/Saul Link, Downpatrick, BT30 6EH",1,0,0,0,2,,,,22(2),54.331,-5.7139,24 x 7,,
NI,Down,"Ratkeltair House, Market Street, Downpatrick, BT30 6AJ",1,0,0,0,2,,,,22(2),54.325181,-5.7212773,24 x 7,,
NI,Down,"Cross Lane/Gallows Street, Dromore, BT25 1BL",1,0,0,0,2,,,,22(2),54.415433,-6.148908,24 x 7,,
NI,Down,"Dundonald Cinemaplex, Old Dundonald Road, Dundonald, BT16 1XT",1,0,0,0,2,,,,22(2),54.5895,-5.821811,24 x 7,,
NI,Down,"Sprucefield Shopping Centre, Off Lisburn-Hillsborough Road (A1 & M1), Hillsborough, BT27 5UJ",1,1,1,0,1,50,50,,22,54.4917615,-6.0613048,24 x 7,M1 M1,
NI,Down,"Lisburn Street, Hillsborough, BT26 6AB",1,0,0,0,2,,,,22(2),54.4650649,-6.0837762,24 x 7,,
NI,Down,"Ulster Folk and Transport Museum, 153 Bangor Rd, Holywood, BT18 0EU",1,0,0,0,2,,,,22(2),54.652793,-5.800031,Mon:00:00-00:00 Tue:10:00-17:00 Wed:10:00-17:00 Thu:10:00-17:00 Fri:10:00-17:00 Sat:10:00-17:00 Sun:10:00-17:00,,
NI,Down,"Greencastle Street, Kilkeel, BT34 4QD",1,0,0,0,2,,,,22(2),54.0608834,-6.0086777,24 x 7,,
NI,Down,"Dobbies Garden World, Saintfield Road, Lisburn, BT27 5PG",1,0,0,0,2,,,,22(2),54.5032299,-6.0281097,24 x 7,,
NI,Down,"Barbican Filling Station, 80-82 Dundrum Rd, Newcastle, BT33 0LN",1,0,0,0,2,,,,22(2),54.2205,-5.8866,24 x 7,,
NI,Down,"Slieve Donard Resort and Spa, Down's Road, Newcastle, BT33 0AH",1,0,0,0,2,,,,22(2),54.216337,-5.883547,24 x 7,,
NI,Down,"Council Car Park, Shimna Rd, Newcastle, BT33 0AS",1,0,0,0,2,,,,22(2),54.214826,-5.890661,24 x 7,,
NI,Down,"Donard Park, Newcastle, BT33 0SE",1,0,0,0,2,,,,22(2),54.2064,-5.8939561,24 x 7,,
NI,Down,"Newry Train Station Car Park, Derrybeg Lane, Newry, BT35 6JW",2,0,0,0,2,,,,22(2),54.1892149,-6.3626438,24 x 7,,
NI,Down,"Canal Court Hotel Car Park, Merchants Quay, Newry, BT35 8HF",1,0,0,0,2,,,,22(2),54.176231,-6.3415288,24 x 7,,
NI,Down,"Marcus Square, Hill Street, Newry, BT34 1AR",1,2,0,0,0,100(2),,,,54.175284,-6.3379449,24 x 7,,
NI,Down,"Newry & Mourne Museum (Bagenal's Castle), Abbey Way (A28), Newry, BT34 2BY",1,0,0,0,2,,,,22(2),54.1727263,-6.3358364,Mon:10:00-16:30 Tue:10:00-16:30 Wed:10:00-16:30 Thu:10:00-16:30 Fri:10:00-16:30 Sat:10:00-16:30 Sun:10:00-16:30,,
NI,Down,"Public Car Park, Bridge Street, Newry, BT35 8AN",1,0,0,0,2,,,,22(2),54.1703014,-6.3415497,24 x 7,,
NI,Down,"Kilkeel Leisure Centre, Mourne Esplenade, Newry, BT34 4DB",1,0,0,0,2,,,,22(2),54.0583943,-5.9963346,24 x 7,,
NI,Down,"Castle Street, Portaferry, BT22 1NZ",1,0,0,0,2,,,,22(2),54.382225,-5.548642,24 x 7,,
NI,Down,"Quayside Public Parking, Stella Maris Street, Strangford, BT30 7NH",1,0,0,0,2,,,,22(2),54.37075,-5.554131,24 x 7,,
NI,Down,"Havelock Place, Warrenpoint, BT34 3NE",1,0,0,0,2,,,,22(2),54.0989596,-6.2544879,24 x 7,,
NI,Fermanagh,"Trory Circle K / Filling Station, 236 Irvinestown Road, Enniskillen, BT74 6DN",1,1,1,0,1,50,50,,22,54.385592,-7.639049,24 x 7,,
NI,Fermanagh,"Public Car Park, Queen Street, Enniskillen, BT74 7JR",2,0,0,0,2,,,,22(2),54.347332,-7.6411257,24 x 7,,
NI,Fermanagh,"Quay Lane North, Enniskillen, BT74 6AG",1,0,0,0,2,,,,22(2),54.3438701,-7.6341924,24 x 7,,
NI,Fermanagh,"Wellington Street, Enniskillen, BT74 6JH",1,0,0,0,2,,,,22(2),54.343512,-7.637848,24 x 7,,
NI,Fermanagh,"Spar Car Park, 46 Main Street, Derrylin, Enniskillen, BT92 8JW",1,0,0,0,2,,,,22(2),54.19802,-7.57355,24 x 7,,
NI,Fermanagh,"Eden Street, Enniskillen, Fermanagh, BT74 7EG",1,0,0,0,2,,,,22(2),54.345051,-7.640047,24 x 7,,
NI,Fermanagh,"Council Car Park, Main Street, Irvinestown, BT94 1DW",1,0,0,0,2,,,,22(2),54.472437,-7.630603,24 x 7,,
NI,Fermanagh,"Cross Street Car Park, Lisnaskea, Enniskillen, Lisnaskea, BT9 20J",1,0,0,0,2,,,,22(2),54.252555,-7.443425,24 x 7,,
NI,Fermanagh,"Fermanagh and Omagh District Council Car Park, Boyhill Road (U9409), Off Main Street, Maguiresbridge, BT94 4RZ",1,0,0,0,2,,,,22(2),54.2944,-7.463871,24 x 7,,
NI,Fermanagh,"Main Street, Dromore, Omagh, BT78 3AD",1,0,0,0,2,,,,22(2),54.512866,-7.458019,24 x 7,,
NI,Tyrone,"Mid Ulster District Council - Dungannon Car Park, The Cornmill, Lineside (B520), Coalisland, BT71 4LP",1,0,0,0,2,,,,22(2),54.5399,-6.7,24 x 7,,
NI,Tyrone,"Car Park, Union Place, Cookstown, BT80 8NP",1,0,0,0,2,,,,22(2),54.647547,-6.742967,24 x 7,,
NI,Tyrone,"South West College, Burn Road, Cookstown, BT80 8DN",1,0,0,0,2,,,,22(2),54.647349,-6.747952,24 x 7,,
NI,Tyrone,"Burnavon Theatre, Burn Rd, Cookstown, BT80 8DN",1,0,0,0,2,,,,22(2),54.6472581,-6.7469207,24 x 7,,
NI,Tyrone,"Cookstown Leisure Centre, 78 Fountain Rd, Cookstown, BT80 8QF",1,0,0,0,2,,,,22(2),54.64163,-6.73992,24 x 7,,
NI,Tyrone,"Mid Ulster District Council - Dungannon Car Park, Scotch Street South, Dungannon, BT70 1BD",1,0,0,0,2,,,,22(2),54.502841,-6.769526,24 x 7,,
NI,Tyrone,"Maxol Service station (Donnelly's Garage),57 Moy Road, Dungannon, BT71 7DT",1,1,1,0,1,50,50,,22,54.4869927,-6.7450311,24 x 7,,
NI,Tyrone,"Ballygawley Park and Ride, Tullyvar Road, Dungannon, BT70 2LY",1,0,0,0,2,,,,22(2),54.4561963,-7.034946,24 x 7,,
NI,Tyrone,"Car Park, Down Street, Enniskillen, BT74 7DX",2,0,0,0,2,,,,22(2),54.345539,-7.638513,24 x 7,,
NI,Tyrone,"Car Park, Edfield Way, Fivemiletown, BT75 0QN",1,0,0,0,2,,,,22(2),54.37878,-7.31583,24 x 7,,
NI,Tyrone,"Newtownstewart Leisure Centre, 17 Moyle Rd, Newtownstewart, BT78 4AP",1,2,0,0,0,100(2),,,,54.7149105,-7.377284,24 x 7,,
NI,Tyrone,"Ulster-American Folk Park, 2 Mellon Road, Castletown, Omagh, BT78 5QU",1,0,0,0,2,,,,22(2),54.659146,-7.334948,Mon:08:00-16:00 Tue:08:00-16:00 Wed:08:00-16:00 Thu:08:00-16:00 Fri:08:00-16:00 Sat:00:00-00:00 Sun:00:00-00:00,,
NI,Tyrone,"Old Mountfield Road Carpark, Omagh, BT79 7EG",1,0,0,0,2,,,,22(2),54.6016,-7.2896,24 x 7,,
NI,Tyrone,"Council Car Park, Brooke Street, Omagh, BT78 5HD",1,0,0,0,2,,,,22(2),54.601591,-7.307725,24 x 7,,
NI,Tyrone,"Council Car Park, Castle Street, Omagh, BT78 1DD",1,0,0,0,2,,,,22(2),54.601215,-7.306509,24 x 7,,
NI,Tyrone,"Park and Ride, Crevenagh Road, Omagh, BT78 1ND",1,0,0,0,2,,,,22(2),54.595862,-7.289644,24 x 7,,
NI,Tyrone,"Railway Street Car Park, Railway Street, Strabane, BT82 8EQ",1,0,0,0,2,,,,22(2),54.826859,-7.46552,24 x 7,,
NI,Tyrone,"Derry City and Strabane District Council Car Park, Upper Main Street, Strabane, BT82 8AU",1,0,0,0,2,,,,22(2),54.824472,-7.461848,24 x 7,,
NI,Tyrone,"Riversdale Leisure Centre, Lisnafin Park, Strabane, BT82 9DG",1,0,0,0,2,,,,22(2),54.8221,-7.4743,24 x 7,,
